CustomerID,Revenue,Units,Orders
15061.0,9407.34,5475,6
13777.0,6585.16,3348,7
17850.0,5391.21,1733,34
16029.0,4271.52,1936,3
16210.0,2474.74,1070,1
16754.0,2002.4,4280,1
12433.0,1919.14,1852,1
15299.0,1835.01,2097,3
17511.0,1825.74,1568,1
14031.0,1714.25,531,1
13941.0,1095.12,644,1
16244.0,1056.63,619,1
17381.0,1036.08,1424,2
13408.0,1024.68,544,1
15485.0,939.59,391,1
17017.0,877.32,648,2
12583.0,855.86,449,1
13694.0,842.12,1004,1
13767.0,830.68,356,2
13093.0,799.4,256,1
16456.0,787.4,392,1
17581.0,786.78,441,2
14307.0,783.11,558,1
15601.0,768.38,666,1
17838.0,684.46,454,1
13418.0,623.24,234,2
14911.0,577.88,249,3
15955.0,572.38,246,1
17841.0,532.43,198,1
17567.0,517.95,244,1
18074.0,489.6,190,1
15165.0,487.75,160,1
14135.0,485.25,741,1
16218.0,471.3,438,1
17920.0,453.46,197,1
17685.0,452.52,331,1
15311.0,449.98,198,1
14688.0,444.98,454,1
13448.0,443.96,162,2
16539.0,442.35,301,1
18239.0,438.1,208,1
15983.0,430.99,323,1
16098.0,430.6,134,1
15260.0,420.5,254,2
18041.0,413.44,316,2
13798.0,408.0,160,1
14775.0,406.56,384,1
12838.0,390.79,228,1
14466.0,379.75,137,1
17690.0,376.8,170,2
15922.0,369.5,138,1
13047.0,366.63,101,3
13758.0,362.45,137,1
13468.0,360.05,111,2
12431.0,358.25,107,1
15513.0,357.0,116,1
14849.0,355.84,188,3
15544.0,354.54,274,1
15862.0,354.23,124,1
16274.0,351.75,153,1
15100.0,350.4,32,1
13108.0,350.06,298,1
13576.0,349.15,108,1
15574.0,349.04,159,1
18229.0,344.2,44,1
17235.0,341.9,126,1
14060.0,339.84,504,1
15640.0,333.72,180,1
15738.0,329.65,255,1
15291.0,328.8,112,1
14045.0,326.4,128,1
15363.0,326.0,144,1
12921.0,322.4,140,1
17976.0,321.79,93,1
13705.0,318.14,103,1
14729.0,313.49,197,1
14388.0,312.8,170,1
14142.0,311.81,313,1
16781.0,311.25,113,1
13402.0,308.28,190,1
16186.0,307.68,231,1
15694.0,306.4,80,1
15658.0,306.2,64,1
14496.0,304.34,86,1
12947.0,304.04,184,1
17732.0,303.97,93,1
18085.0,303.9,78,1
14001.0,301.24,94,1
16546.0,299.4,156,1
17951.0,295.5,118,1
13145.0,295.0,1,1
14696.0,294.62,284,1
15111.0,288.5,106,1
14047.0,286.92,108,1
17924.0,279.0,60,1
17069.0,277.05,103,1
15525.0,274.93,113,1
13715.0,272.65,107,1
17968.0,265.1,151,1
17964.0,261.76,195,1
12662.0,261.48,157,1
15752.0,259.65,153,1
16048.0,256.44,144,2
14594.0,255.0,146,1
16510.0,248.1,92,1
17659.0,247.8,64,1
17925.0,244.08,72,1
14829.0,236.97,190,1
16583.0,233.45,111,1
17908.0,232.03,169,1
16250.0,226.14,108,1
13255.0,225.7,110,1
17377.0,223.9,102,1
14390.0,223.7,74,1
14449.0,210.24,142,1
17855.0,208.97,197,1
16752.0,207.5,54,1
13065.0,205.86,74,1
17873.0,204.95,117,1
14901.0,204.15,105,1
13748.0,204.0,80,1
12868.0,203.3,112,1
13117.0,202.12,130,1
14180.0,201.75,31,1
17905.0,200.5,71,1
12915.0,199.65,41,1
14606.0,198.32,93,1
17412.0,197.3,50,1
16916.0,196.43,102,1
15605.0,194.85,71,1
13138.0,193.23,125,1
12791.0,192.6,97,1
15827.0,190.93,109,2
15646.0,189.8,230,1
15012.0,188.56,84,1
14741.0,184.5,114,1
17228.0,183.3,122,1
17760.0,172.54,165,1
16203.0,170.7,70,1
18144.0,165.05,95,1
16634.0,164.8,64,1
17897.0,163.34,71,1
14237.0,161.0,38,1
17025.0,160.97,139,2
13090.0,160.6,76,1
18168.0,156.55,57,1
16955.0,156.1,80,1
17181.0,155.52,216,1
17757.0,143.45,80,1
15732.0,138.1,97,1
14078.0,136.24,29,1
13305.0,136.2,132,1
17346.0,134.11,84,1
17420.0,130.85,53,1
16770.0,130.8,56,1
14491.0,127.2,40,1
15923.0,127.08,122,1
16928.0,116.25,93,1
15107.0,116.0,26,1
15350.0,115.65,51,1
17287.0,113.92,46,1
15070.0,106.2,36,1
18011.0,102.79,71,1
17643.0,101.55,71,1
17802.0,100.2,75,1
13491.0,98.9,36,1
16552.0,95.29,39,1
16835.0,81.75,19,1
13747.0,79.6,8,1
15235.0,79.5,34,1
17572.0,70.8,24,1
17460.0,70.3,26,2
13011.0,50.55,13,1
12971.0,45.12,84,1
12855.0,38.1,30,1
14576.0,35.4,12,1
17809.0,34.8,24,1
15823.0,15.0,1,1
12748.0,9.2,2,2
