StockCode,Description,Units,Revenue,Orders
22423,REGENCY CAKESTAND 3 TIER,298,3480.09,20
84029E,RED WOOLLY HOTTIE WHITE HEART.,686,2132.88,30
21137,BLACK RECORD COVER FRAME,613,2078.43,4
85123A,WHITE HANGING HEART T-LIGHT HOLDER,761,2021.83,35
22752,SET 7 BABUSHKA NESTING BOXES,239,1853.0,25
21915,RED  HARMONICA IN BOX,1549,1676.55,9
79321,CHILLI LIGHTS,331,1353.15,10
22086,PAPER CHAIN KIT 50'S CHRISTMAS,410,1276.3,22
DOT,DOTCOM POSTAGE,2,1177.26,2
85099B,JUMBO BAG RED RETROSPOT,604,1032.32,17
84950,ASSORTED COLOUR T-LIGHT HOLDER,1842,1021.02,2
84879,ASSORTED COLOUR BIRD ORNAMENT,623,988.07,16
84347,ROTATING SILVER ANGELS T-LIGHT HLDR,419,839.8,12
35004C,SET OF 3 COLOURED  FLYING DUCKS,177,830.25,4
22910,PAPER CHAIN KIT VINTAGE CHRISTMAS,285,802.19,20
22866,HAND WARMER SCOTTY DOG DESIGN,370,769.88,23
22865,HAND WARMER OWL DESIGN,357,742.58,22
22466,FAIRY TALE COTTAGE NIGHTLIGHT,486,731.7,5
22779,WOODEN OWLS LIGHT GARLAND,208,715.04,3
21232,STRAWBERRY CERAMIC TRINKET BOX,593,711.55,11
22659,LUNCH BOX I LOVE LONDON,415,696.31,11
22780,LIGHT GARLAND BUTTERFILES PINK,200,681.04,2
21731,RED TOADSTOOL LED NIGHT LIGHT,510,678.96,11
84029G,KNITTED UNION FLAG HOT WATER BOTTLE,192,666.09,24
22633,HAND WARMER UNION JACK,325,631.5,32
22803,IVORY EMBROIDERED QUILT,17,607.75,8
22632,HAND WARMER RED RETROSPOT,291,591.32,20
22867,HAND WARMER BIRD DESIGN,282,580.86,22
20685,DOORMAT RED RETROSPOT,79,550.53,8
84077,WORLD WAR 2 GLIDERS ASSTD DESIGNS,2976,546.24,3
48194,DOORMAT HEARTS,77,534.63,5
22275,WEEKEND BAG VINTAGE ROSE PAISLEY,69,527.85,1
22727,ALARM CLOCK BAKELIKE RED,135,513.99,11
22961,JAM MAKING SET PRINTED,339,510.65,27
21258,VICTORIAN SEWING BOX LARGE,40,503.36,7
22041,"RECORD FRAME 7"" SINGLE SIZE",220,474.6,4
22837,HOT WATER BOTTLE BABUSHKA,101,473.93,14
22114,HOT WATER BOTTLE TEA AND SYMPATHY,119,473.17,16
20914,SET/5 RED RETROSPOT LID GLASS BOWLS,168,456.24,11
22726,ALARM CLOCK BAKELIKE GREEN,119,453.99,15
22960,JAM MAKING SET WITH JARS,103,449.29,16
21730,GLASS STAR FROSTED T-LIGHT HOLDER,104,442.0,17
71053,WHITE METAL LANTERN,127,437.05,19
21791,VINTAGE HEADS AND TAILS CARD GAME,379,436.49,12
22095,LADS ONLY TISSUE BOX,338,425.02,4
82486,WOOD S/3 CABINET ANT WHITE FINISH,58,411.1,17
84946,ANTIQUE SILVER TEA GLASS ETCHED,299,405.79,5
22969,HOMEMADE JAM SCENTED CANDLES,274,397.2,17
20679,EDWARDIAN PARASOL RED,69,368.55,11
84406B,CREAM CUPID HEARTS COAT HANGER,125,352.25,18
82494L,WOODEN FRAME ANTIQUE WHITE,131,348.05,21
22111,SCOTTIE DOG HOT WATER BOTTLE,64,347.15,15
22555,PLASTERS IN TIN STRONGMAN,207,343.26,6
21833,CAMOUFLAGE LED TORCH,224,341.1,4
72741,GRAND CHOCOLATECANDLE,246,332.01,8
21107,CREAM SLICE FLANNEL PINK SPOT,127,329.61,4
22469,HEART OF WICKER SMALL,189,328.34,13
21743,STAR PORTABLE TABLE LIGHT,123,327.41,6
22968,ROSE COTTAGE KEEPSAKE BOX,32,326.49,8
21212,PACK OF 72 RETROSPOT CAKE CASES,676,324.0,17
22617,BAKING SET SPACEBOY DESIGN,74,315.9,4
22189,CREAM HEART CARD HOLDER,89,315.75,4
84050,PINK HEART SHAPE EGG FRYING PAN,243,312.63,4
22197,SMALL POPCORN HOLDER,345,309.41,17
21156,RETROSPOT CHILDRENS APRON,177,305.55,6
21485,RETROSPOT HEART HOT WATER BOTTLE,65,304.95,9
82483,WOOD 2 DRAWER CABINET WHITE FINISH,59,297.05,17
22655,VINTAGE RED KITCHEN CABINET,1,295.0,1
21733,RED HANGING HEART T-LIGHT HOLDER,106,287.1,8
22467,GUMBALL COAT RACK,129,282.86,4
48187,DOORMAT NEW ENGLAND,39,280.53,4
22113,GREY HEART HOT WATER BOTTLE,78,279.54,10
20727,LUNCH BAG  BLACK SKULL.,178,274.82,9
15056BL,EDWARDIAN PARASOL BLACK,50,273.5,7
21484,CHICK GREY HOT WATER BOTTLE,77,272.67,10
22941,CHRISTMAS LIGHTS 10 REINDEER,27,263.42,12
22198,LARGE POPCORN HOLDER,159,262.61,11
22411,JUMBO SHOPPER VINTAGE RED PAISLEY,140,259.52,19
22558,CLOTHES PEGS RETROSPOT PACK 24,189,254.01,10
22112,CHOCOLATE HOT WATER BOTTLE,45,253.1,11
37370,RETRO COFFEE MUGS ASSORTED,202,250.34,22
21479,WHITE SKULL HOT WATER BOTTLE,53,249.06,11
22654,DELUXE SEWING KIT,47,245.57,4
22328,ROUND SNACK BOXES SET OF 4 FRUITS,93,245.55,6
85099C,JUMBO  BAG BAROQUE BLACK WHITE,141,244.95,5
22585,PACK OF 6 BIRDY GIFT TAGS,195,243.75,8
22492,MINI PAINT SET VINTAGE,396,243.0,6
15056N,EDWARDIAN PARASOL NATURAL,51,242.25,4
22646,CERAMIC STRAWBERRY CAKE MONEY BANK,185,241.36,6
21314,SMALL GLASS HEART TRINKET POT,100,240.2,5
84880,WHITE WIRE EGG HOLDER,48,237.6,2
22835,HOT WATER BOTTLE I AM SO POORLY,44,237.03,6
20749,ASSORTED COLOUR MINI CASES,32,235.2,7
21929,JUMBO BAG PINK VINTAGE PAISLEY,131,227.71,4
20893,HANGING BAUBLE T-LIGHT HOLDER SMALL,108,226.8,1
21154,RED RETROSPOT OVEN GLOVE,207,224.53,5
84375,SET OF 20 KIDS COOKIE CUTTERS,101,222.65,8
22629,SPACEBOY LUNCH BOX,128,221.86,7
21790,VINTAGE SNAP CARDS,269,221.27,10
15056P,EDWARDIAN PARASOL PINK,48,220.8,1
20971,PINK BLUE FELT CRAFT TRINKET BOX,196,218.9,7
48184,DOORMAT ENGLISH ROSE,32,218.4,2
22457,NATURAL SLATE HEART CHALKBOARD,66,212.46,10
22943,CHRISTMAS LIGHTS 10 VINTAGE BAUBLES,46,210.9,8
22179,SET 10 LIGHTS NIGHT OWL,34,210.3,3
21754,HOME BUILDING BLOCK WORD,34,208.22,9
21928,JUMBO BAG SCANDINAVIAN PAISLEY,121,208.21,3
22632,HAND WARMER RED POLKA DOT,108,199.8,17
22207,FRYING PAN UNION FLAG,50,196.94,3
22846,BREAD BIN DINER STYLE RED,13,196.35,3
22616,PACK OF 12 LONDON TISSUES,656,191.92,8
21080,SET/20 RED RETROSPOT PAPER NAPKINS,248,191.45,8
20750,RED RETROSPOT MINI CASES,24,190.8,6
21523,DOORMAT FANCY FONT HOME SWEET HOME,26,189.18,6
82482,WOODEN PICTURE FRAME WHITE FINISH,90,189.0,15
85114A,BLACK ENCHANTED FOREST PLACEMAT,124,187.44,2
22188,BLACK HEART CARD HOLDER,50,186.38,4
71459,HANGING JAM JAR T-LIGHT HOLDER,248,186.32,3
21108,FAIRY CAKE FLANNEL ASSORTED COLOUR,49,180.17,5
22768,FAMILY PHOTO FRAME CORNICE,18,179.1,7
22988,SOLDIERS EGG CUP,131,176.35,12
22630,DOLLY GIRL LUNCH BOX,104,172.8,5
22909,SET OF 20 VINTAGE CHRISTMAS NAPKINS,211,167.29,12
22827,RUSTIC  SEVENTEEN DRAWER SIDEBOARD,1,165.0,1
22454,MEASURING TAPE BABUSHKA RED,63,161.85,3
22595,CHRISTMAS GINGHAM HEART,211,161.44,7
22625,RED KITCHEN SCALES,16,161.44,6
21756,BATH BUILDING BLOCK WORD,26,160.62,8
22697,GREEN REGENCY TEACUP AND SAUCER,45,159.39,6
22728,ALARM CLOCK BAKELIKE PINK,41,157.62,5
21098,CHRISTMAS TOILET ROLL,80,156.7,8
22418,10 COLOUR SPACEBOY PEN,183,156.36,7
85152,HAND OVER THE CHOCOLATE   SIGN,73,155.41,5
22926,IVORY GIANT GARDEN THERMOMETER,26,154.7,7
22848,BREAD BIN DINER STYLE PINK,10,153.5,3
48138,DOORMAT UNION FLAG,20,153.48,6
21843,RED RETROSPOT CAKE STAND,14,153.3,9
21071,VINTAGE BILLBOARD DRINK ME MUG,135,153.03,20
22452,MEASURING TAPE BABUSHKA PINK,60,153.0,2
22294,HEART FILIGREE DOVE  SMALL,114,151.32,6
22622,BOX OF VINTAGE ALPHABET BLOCKS,14,150.58,6
21673,WHITE SPOT BLUE CERAMIC DRAWER KNOB,120,150.0,4
20725,LUNCH BAG RED RETROSPOT,88,148.56,7
85178,VICTORIAN SEWING KIT,115,145.01,3
21481,FAWN BLUE HOT WATER BOTTLE,46,144.58,8
17021,NAMASTE SWAGAT INCENSE,600,144.0,1
22834,HAND WARMER BABUSHKA DESIGN,65,142.83,7
22178,VICTORIAN GLASS HANGING T-LIGHT,93,142.71,5
20963,APPLE BATH SPONGE,113,142.51,5
35001G,HAND OPEN SHAPE GOLD,42,142.38,1
85116,BLACK CANDELABRA T-LIGHT HOLDER,154,141.64,6
22470,HEART OF WICKER LARGE,52,140.36,8
22386,JUMBO BAG PINK POLKADOT,68,139.38,8
22424,ENAMEL BREAD BIN CREAM,12,138.6,2
22812,PACK 3 BOXES CHRISTMAS PANNETONE,65,138.05,8
21094,SET/6 RED SPOTTY PAPER PLATES,186,137.94,5
22593,CHRISTMAS GINGHAM STAR,184,137.68,4
85038,6 CHOCOLATE LOVE HEART T-LIGHTS,79,136.38,2
22624,IVORY KITCHEN SCALES,15,135.98,5
22900,SET 2 TEA TOWELS I LOVE LONDON,44,135.72,12
22619,SET OF 6 SOLDIER SKITTLES,35,135.12,9
22730,ALARM CLOCK BAKELIKE IVORY,35,135.12,8
22453,MEASURING TAPE BABUSHKA BLUE,49,134.95,3
21931,JUMBO STORAGE BAG SUKI,68,134.86,8
22444,GROW YOUR OWN PLANT IN A CAN,121,134.27,3
22077,6 RIBBONS RUSTIC CHARM,71,134.25,8
20961,STRAWBERRY BATH SPONGE,104,133.78,4
21977,PACK OF 60 PINK PAISLEY CAKE CASES,242,133.56,9
47591D,PINK FAIRY CAKE CHILDRENS APRON,71,132.49,6
37449,CERAMIC CAKE STAND + HANGING CAKES,12,130.68,6
48111,DOORMAT 3 SMILEY CATS,17,129.63,4
22075,6 RIBBONS ELEGANT CHRISTMAS,86,129.21,5
22783,SET 3 WICKER OVAL BASKETS W LIDS,7,127.65,4
22666,RECIPE BOX PANTRY YELLOW DESIGN,40,126.88,8
22326,ROUND SNACK BOXES SET OF4 WOODLAND,43,126.85,6
21326,AGED GLASS SILVER T-LIGHT HOLDER,216,126.0,6
22502,PICNIC BASKET WICKER SMALL,21,124.95,5
21755,LOVE BUILDING BLOCK WORD,20,124.92,6
22174,PHOTO CUBE,73,124.26,7
22940,FELTCRAFT CHRISTMAS FAIRY,24,123.1,7
21864,UNION JACK FLAG PASSPORT COVER,72,121.68,1
22800,ANTIQUE TALL SWIRLGLASS TRINKET POT,30,120.24,5
22637,PIGGY BANK RETROSPOT,46,119.81,7
22802,FAUX FUR CHOCOLATE THROW,6,119.7,2
22634,CHILDS BREAKFAST SET SPACEBOY,12,119.4,7
21068,VINTAGE BILLBOARD LOVE/HATE MUG,109,119.27,17
22428,ENAMEL FIRE BUCKET CREAM,16,118.68,6
22699,ROSES REGENCY TEACUP AND SAUCER,34,118.06,6
22379,RECYCLING BAG RETROSPOT,52,117.64,10
22771,CLEAR DRAWER KNOB ACRYLIC EDWARDIAN,94,117.5,6
22557,PLASTERS IN TIN VINTAGE PAISLEY,70,117.21,10
21871,SAVE THE PLANET MUG,93,117.17,17
84970S,HANGING HEART ZINC T-LIGHT HOLDER,171,116.39,5
22791,T-LIGHT GLASS FLUTED ANTIQUE,97,116.39,5
85014B,RED RETROSPOT UMBRELLA,17,114.69,5
21181,PLEASE ONE PERSON METAL SIGN,52,113.42,6
22952,60 CAKE CASES VINTAGE CHRISTMAS,193,111.99,12
84030E,ENGLISH ROSE HOT WATER BOTTLE,29,111.25,3
22551,PLASTERS IN TIN SPACEBOY,67,110.55,8
22083,PAPER CHAIN KIT RETROSPOT,31,109.21,6
22549,PICTURE DOMINOES,74,109.21,7
22667,RECIPE BOX RETROSPOT,37,109.15,7
22729,ALARM CLOCK BAKELIKE ORANGE,27,108.99,7
22568,FELTCRAFT CUSHION OWL,29,108.75,9
84991,60 TEATIME FAIRY CAKE CASES,222,108.69,7
21056,DOCTOR'S BAG SOFT TOY,12,107.4,2
22121,NOEL WOODEN BLOCK LETTERS,17,107.07,7
22109,FULL ENGLISH BREAKFAST PLATE,28,106.98,5
21914,BLUE HARMONICA IN BOX,80,106.3,9
21524,DOORMAT SPOTTY HOME SWEET HOME,14,105.78,4
22570,FELTCRAFT CUSHION RABBIT,27,105.12,8
22774,RED DRAWER KNOB ACRYLIC EDWARDIAN,84,105.0,4
21745,GAOLERS KEYS DECORATIVE GARDEN,29,104.83,3
85099F,JUMBO BAG STRAWBERRY,52,103.66,4
22740,POLKADOT PEN,109,103.18,3
22147,FELTCRAFT BUTTERFLY HEARTS,74,103.12,6
21587,COSY HOUR GIANT TUBE MATCHES,40,102.0,7
22191,IVORY DINER WALL CLOCK,12,102.0,3
84997B,RED 3 PIECE RETROSPOT CUTLERY SET,27,101.25,4
21217,RED RETROSPOT ROUND CAKE TINS,9,100.83,8
21533,RETROSPOT LARGE MILK JUG,22,100.5,4
22365,DOORMAT RESPECTABLE HOUSE,14,99.3,3
48129,DOORMAT TOPIARY,14,99.3,4
20975,12 PENCILS SMALL TUBE RED RETROSPOT,134,99.07,8
22465,HANGING METAL STAR LANTERN,60,99.0,4
22652,TRAVEL SEWING KIT,60,99.0,9
20719,WOODLAND CHARLOTTE BAG,133,97.77,4
22139,RETROSPOT TEA SET CERAMIC 11 PC,23,97.75,1
84997D,PINK 3 PIECE POLKADOT CUTLERY SET,26,97.5,4
22381,TOY TIDY PINK POLKADOT,51,96.71,2
72816,SET/3 CHRISTMAS DECOUPAGE CANDLES,78,95.94,5
21257,VICTORIAN SEWING BOX MEDIUM,10,95.86,5
21498,RED RETROSPOT WRAP,275,95.5,3
21035,SET/2 RED RETROSPOT TEA TOWELS,27,94.45,5
22847,BREAD BIN DINER STYLE IVORY,5,93.8,2
84755,COLOUR GLASS T-LIGHT HOLDER HANGING,140,93.48,6
22778,GLASS CLOCHE SMALL,27,93.21,2
85049E,SCANDINAVIAN REDS RIBBONS,66,92.58,9
84032A,CHARLIE+LOLA PINK HOT WATER BOTTLE,29,92.11,5
22777,GLASS CLOCHE LARGE,12,91.8,1
82615,PINK MARSHMALLOW SCARF KNITTING KIT,36,91.8,1
84947,ANTIQUE SILVER TEA GLASS ENGRAVED,84,91.32,2
22749,FELTCRAFT PRINCESS CHARLOTTE DOLL,22,90.24,6
22767,TRIPLE PHOTO FRAME CORNICE,9,89.55,4
21622,VINTAGE UNION JACK CUSHION COVER,18,89.1,2
22798,ANTIQUE GLASS DRESSING TABLE POT,26,88.54,6
22898,CHILDRENS APRON APPLES DESIGN,43,88.37,4
20974,12 PENCILS SMALL TUBE SKULL,123,87.51,8
POST,POSTAGE,5,87.0,3
21889,WOODEN BOX OF DOMINOES,65,86.29,7
22964,3 PIECE SPACEBOY COOKIE CUTTER SET,41,86.1,7
21231,SWEETHEART CERAMIC TRINKET BOX,56,85.12,5
21499,BLUE POLKADOT WRAP,250,85.0,2
21429,RED GINGHAM ROSE JEWELLERY BOX,43,84.63,7
22561,WOODEN SCHOOL COLOURING SET,50,84.21,5
22491,PACK OF 12 COLOURED PENCILS,99,84.15,4
22277,COSMETIC BAG VINTAGE ROSE PAISLEY,38,84.02,2
22366,DOORMAT AIRMAIL,12,83.4,2
22855,FINE WICKER HEART,73,83.39,4
85014A,BLACK/BLUE POLKADOT UMBRELLA,14,83.3,6
21259,VICTORIAN SEWING BOX SMALL,14,83.3,6
21703,BAG 125g SWIRLY MARBLES,197,83.17,3
22569,FELTCRAFT CUSHION BUTTERFLY,19,82.86,7
22966,GINGERBREAD MAN COOKIE CUTTER,63,82.53,5
22962,JAM JAR WITH PINK LID,100,82.0,6
22795,SWEETHEART RECIPE BOOK STAND,9,81.21,3
21166,COOK WITH WINE METAL SIGN,39,80.57,5
20973,12 PENCIL SMALL TUBE WOODLAND,108,80.28,6
21352,EUCALYPTUS & PINECONE  WREATH,13,80.19,4
22635,CHILDS BREAKFAST SET DOLLY GIRL,7,80.08,5
20713,JUMBO BAG OWLS,41,79.95,3
21769,VINTAGE POST OFFICE CABINET,1,79.95,1
21908,CHOCOLATE THIS WAY METAL SIGN,37,79.81,3
22173,METAL 4 HOOK HANGER FRENCH CHATEAU,27,79.65,4
22180,RETROSPOT LAMP,8,79.6,1
48185,DOORMAT FAIRY CAKE,10,79.5,4
22183,CAKE STAND VICTORIAN FILIGREE MED,12,79.32,4
22556,PLASTERS IN TIN CIRCUS PARADE,48,79.2,2
22493,PAINT YOUR OWN CANVAS SET,48,79.2,2
84836,ZINC METAL HEART DECORATION,63,78.75,6
84952B,BLACK LOVE BIRD T-LIGHT HOLDER,61,78.75,3
84997C,BLUE 3 PIECE POLKADOT CUTLERY SET,21,78.75,4
22963,JAM JAR WITH GREEN LID,99,78.72,7
21055,TOOL BOX SOFT TOY,7,78.71,3
22759,SET OF 3 NOTEBOOKS IN PARCEL,39,78.03,6
22738,RIBBON REEL SNOWY VILLAGE,43,77.79,6
21340,CLASSIC METAL BIRDCAGE PLANT HOLDER,5,76.49,4
21625,VINTAGE UNION JACK APRON,11,76.45,4
47590B,PINK HAPPY BIRTHDAY BUNTING,13,76.42,3
22571,ROCKING HORSE RED CHRISTMAS,102,75.84,4
84970L,SINGLE HEART ZINC T-LIGHT HOLDER,76,75.74,7
22945,CHRISTMAS METAL TAGS ASSORTED,52,74.71,7
79302M,"ART LIGHTS,FUNK MONKEY",27,74.61,3
21349,IVY HEART WREATH,7,74.53,4
16237,SLEEPING CAT ERASERS,430,74.5,6
22553,PLASTERS IN TIN SKULLS,43,74.37,9
22785,SQUARECUSHION COVER PINK UNION FLAG,11,74.25,5
21506,"FANCY FONT BIRTHDAY CARD,",192,74.16,6
22534,MAGIC DRAWING SLATE SPACEBOY,196,74.11,6
84031A,CHARLIE+LOLA RED HOT WATER BOTTLE,16,72.64,4
85049A,TRADITIONAL CHRISTMAS RIBBONS,55,72.53,7
79067,CORONA MEXICAN TRAY,18,72.22,2
21777,RECIPE BOX WITH METAL HEART,9,71.55,4
22296,HEART IVORY TRELLIS LARGE,42,71.01,4
21844,RED RETROSPOT MUG,21,70.83,5
22413,METAL SIGN TAKE IT OR LEAVE IT,23,70.81,4
22807,SET OF 6 T-LIGHTS TOADSTOOLS,24,70.8,3
22449,SILK PURSE BABUSHKA PINK,20,70.42,5
22772,PINK DRAWER KNOB ACRYLIC EDWARDIAN,56,70.0,4
22120,WELCOME  WOODEN BLOCK LETTERS,7,69.65,3
22554,PLASTERS IN TIN WOODLAND ANIMALS,42,69.3,5
22813,PACK 3 BOXES BIRD PANNETONE,32,69.18,6
85150,LADIES & GENTLEMEN METAL SIGN,26,68.81,4
22626,BLACK KITCHEN SCALES,8,68.0,3
85174,S/4 CACTI CANDLES,16,68.0,1
22195,LARGE HEART MEASURING SPOONS,36,67.95,6
22947,WOODEN ADVENT CALENDAR RED,3,67.9,2
22371,AIRLINE BAG VINTAGE TOKYO 78,12,67.88,5
21111,"SWISS ROLL TOWEL, CHOCOLATE  SPOTS",21,67.87,4
21912,VINTAGE SNAKES & LADDERS,15,67.86,3
22355,CHARLOTTE BAG SUKI DESIGN,75,67.8,5
22797,CHEST OF DRAWERS GINGHAM HEART,4,67.8,2
22801,ANTIQUE GLASS PEDESTAL BOWL,16,67.74,3
21913,VINTAGE SEASIDE JIGSAW PUZZLES,17,67.62,3
22468,BABUSHKA LIGHTS STRING OF 10,10,67.5,5
22144,CHRISTMAS CRAFT LITTLE FRIENDS,26,67.26,7
22745,POPPY'S PLAYHOUSE BEDROOM,30,67.22,8
22530,MAGIC DRAWING SLATE DOLLY GIRL,167,67.1,7
22383,LUNCH BAG SUKI  DESIGN,39,66.91,5
21086,SET/6 RED SPOTTY PAPER CUPS,102,66.3,4
21584,RETROSPOT SMALL TUBE MATCHES,40,66.0,5
21786,POLKADOT RAIN HAT,179,65.51,4
22149,FELTCRAFT 6 FLOWER FRIENDS,28,65.13,8
22665,RECIPE BOX BLUE SKETCHBOOK DESIGN,20,64.92,4
85135B,BLUE DRAGONFLY HELICOPTER,8,64.64,6
22938,CUPCAKE LACE PAPER SET 6,33,64.35,4
22297,HEART IVORY TRELLIS SMALL,50,63.76,4
22840,ROUND CAKE TIN VINTAGE RED,8,63.6,3
21527,RED RETROSPOT TRADITIONAL TEAPOT,8,63.6,4
22501,PICNIC BASKET WICKER LARGE,4,62.36,3
22863,SOAP DISH BROCANTE,20,61.96,5
22737,RIBBON REEL CHRISTMAS PRESENT,34,61.23,5
84945,MULTI COLOUR SILVER T-LIGHT HOLDER,72,61.2,4
22487,WHITE WOOD GARDEN PLANT LADDER,4,60.66,3
40016,CHINESE DRAGON PAPER LANTERNS,144,60.48,1
22508,DOORSTOP RETROSPOT HEART,14,60.24,3
22620,4 TRADITIONAL SPINNING TOPS,39,60.09,5
84678,CLASSICAL ROSE SMALL VASE,48,60.0,1
85183B,CHARLIE & LOLA WASTEPAPER BIN FLORA,48,60.0,1
22725,ALARM CLOCK BAKELIKE CHOCOLATE,16,60.0,3
22059,CERAMIC STRAWBERRY DESIGN MUG,48,60.0,1
22750,FELTCRAFT PRINCESS LOLA DOLL,16,60.0,6
22082,RIBBON REEL STRIPES DESIGN,29,59.82,7
22839,3 TIER CAKE TIN GREEN AND CREAM,4,59.8,3
22776,SWEETHEART CAKESTAND 3 TIER,6,59.7,3
22974,CHILDRENS DOLLY GIRL MUG,32,59.64,7
22503,CABIN BAG VINTAGE PAISLEY,1,59.53,1
22464,HANGING METAL HEART LANTERN,36,59.4,3
21992,VINTAGE PAISLEY STATIONERY SET,23,59.05,5
22744,MAKE YOUR OWN MONSOON CARD KIT,19,59.01,6
22084,PAPER CHAIN KIT EMPIRE,19,59.01,3
22318,FIVE HEART HANGING DECORATION,19,59.01,4
22694,WICKER STAR,23,58.85,6
82599,FANNY'S REST STOPMETAL SIGN,26,58.82,3
20712,JUMBO BAG WOODLAND ANIMALS,30,58.5,2
22739,RIBBON REEL CHRISTMAS SOCK BAUBLE,27,58.23,6
21210,SET OF 72 RETROSPOT PAPER  DOILIES,39,58.08,4
21922,UNION STRIPE WITH FRINGE  HAMMOCK,5,57.81,3
22382,LUNCH BAG SPACEBOY DESIGN,35,57.75,5
22130,PARTY CONE CHRISTMAS DECORATION,50,57.74,5
21891,TRADITIONAL WOODEN SKIPPING ROPE,42,57.54,5
21213,PACK OF 72 SKULL CAKE CASES,100,57.19,7
22451,SILK PURSE BABUSHKA RED,14,57.16,6
22579,WOODEN TREE CHRISTMAS SCANDINAVIAN,67,56.95,5
20972,PINK CREAM FELT CRAFT TRINKET BOX,42,56.28,7
84997A,GREEN 3 PIECE POLKADOT CUTLERY SET,15,56.25,3
82552,WASHROOM METAL SIGN,38,56.16,4
22065,CHRISTMAS PUDDING TRINKET POT,36,56.02,5
35004B,SET OF 3 BLACK FLYING DUCKS,12,55.8,1
22536,MAGIC DRAWING SLATE PURDEY,145,55.57,4
84992,72 SWEETHEART FAIRY CAKE CASES,98,55.36,6
22187,GREEN CHRISTMAS TREE CARD HOLDER,13,55.25,4
21975,PACK OF 60 DINOSAUR CAKE CASES,84,54.96,5
85064,CREAM SWEETHEART LETTER RACK,8,54.74,5
22736,RIBBON REEL MAKING SNOWMEN,33,54.45,4
22333,RETROSPOT PARTY BAG + STICKER SET,33,54.45,4
21672,WHITE SPOT RED CERAMIC DRAWER KNOB,43,53.75,5
22427,ENAMEL FLOWER JUG CREAM,8,53.52,4
22310,IVORY KNITTED MUG COSY,22,53.4,4
21169,YOU'RE CONFUSING ME METAL SIGN,30,53.22,4
22631,CIRCUS PARADE LUNCH BOX,26,52.96,3
21014,SWISS CHALET TREE DECORATION,62,52.7,2
22107,PIZZA PLATE IN BOX,13,52.62,4
21430,SET/3 RED GINGHAM ROSE STORAGE BOX,14,52.5,3
21658,GLASS  BEURRE DISH,11,52.49,4
35957,SMALLFOLKART BAUBLE CHRISTMAS DEC,103,51.94,4
10002,INFLATABLE POLITICAL GLOBE,61,51.85,3
21121,SET/10 RED POLKADOT PARTY CANDLES,34,51.32,5
22769,CHALKBOARD KITCHEN ORGANISER,1,51.02,1
84826,ASSTD DESIGN 3D PAPER STICKERS,60,51.0,1
21428,SET3 BOOK BOX GREEN GINGHAM FLOWER,12,51.0,2
22627,MINT KITCHEN SCALES,6,51.0,2
22485,SET OF 2 WOODEN MARKET CRATES,4,51.0,1
22193,RED DINER WALL CLOCK,6,51.0,2
22192,BLUE DINER WALL CLOCK,6,51.0,2
22844,VINTAGE CREAM DOG FOOD CONTAINER,4,50.96,2
22169,FAMILY ALBUM WHITE PICTURE FRAME,4,50.96,3
22574,HEART WOODEN CHRISTMAS DECORATION,59,50.96,4
22946,WOODEN ADVENT CALENDAR CREAM,2,50.95,2
22862,LOVE HEART NAPKIN BOX,10,50.94,4
21191,LARGE WHITE HONEYCOMB PAPER BELL,13,50.51,3
21215,IVORY PAPER CUP CAKE CASES,120,50.4,1
82600,NO SINGING METAL SIGN,24,50.4,1
22274,FELTCRAFT DOLL EMILY,17,50.15,4
C2,CARRIAGE,1,50.0,1
85048,15CM CHRISTMAS GLASS BALL 20 LIGHTS,4,49.86,3
21832,CHOCOLATE CALCULATOR,27,49.68,3
22064,PINK DOUGHNUT TRINKET POT,27,49.68,4
21870,I CAN ONLY PLEASE ONE PERSON MUG,38,49.61,4
22165,"DIAMANTE HEART SHAPED WALL MIRROR,",4,49.27,1
22573,STAR WOODEN CHRISTMAS DECORATION,53,49.1,6
22367,CHILDRENS APRON SPACEBOY DESIGN,24,49.06,5
84754,S/15 SILVER GLASS BAUBLES IN BAG,38,48.76,4
21930,JUMBO STORAGE BAG SKULLS,25,48.75,3
84952C,MIRROR LOVE BIRD T-LIGHT HOLDER,37,48.75,2
22349,DOG BOWL CHASING BALL DESIGN,13,48.75,2
22119,PEACE WOODEN BLOCK LETTERS,7,48.65,3
21586,KINGS CHOICE GIANT TUBE MATCHES,19,48.45,3
47567B,TEA TIME KITCHEN APRON,7,48.42,3
22141,CHRISTMAS CRAFT TREE TOP ANGEL,15,48.38,4
22956,36 FOIL HEART CAKE CASES,22,48.31,5
22472,TV DINNER TRAY DOLLY GIRL,6,47.91,3
22242,5 HOOK HANGER MAGIC TOADSTOOL,29,47.85,3
20867,PINK ROSE FABRIC MIRROR,37,47.51,2
22953,BIRTHDAY PARTY CORDON BARRIER TAPE,38,47.5,3
22895,SET OF 2 TEA TOWELS APPLE AND PEARS,11,47.25,5
22090,PAPER BUNTING RETROSPOT,14,47.22,4
84625C,BLUE NEW BAROQUE CANDLESTICK CANDLE,16,47.2,3
22650,CERAMIC PIRATE CHEST MONEY BANK,32,46.4,4
84032B,CHARLIE + LOLA RED HOT WATER BOTTLE,15,46.3,5
21588,RETROSPOT GIANT TUBE MATCHES,18,45.9,3
22781,GUMBALL MAGAZINE RACK,5,45.88,3
22219,LOVEBIRD HANGING DECORATION WHITE,51,45.78,5
22663,JUMBO BAG DOLLY GIRL DESIGN,20,45.78,5
22588,CARD HOLDER GINGHAM HEART,10,45.58,3
82484,WOOD BLACK BOARD ANT WHITE FINISH,7,45.15,3
22594,CHRISTMAS GINGHAM TREE,53,45.05,3
21669,BLUE STRIPE CERAMIC DRAWER KNOB,36,45.0,3
20970,PINK FLORAL FELTCRAFT SHOULDER BAG,12,45.0,4
85169B,BLACK LOVE BIRD CANDLE,36,45.0,2
22567,20 DOLLY PEGS RETROSPOT,36,45.0,2
21486,PINK HEART DOTS HOT WATER BOTTLE,11,44.93,4
21781,MA CAMPAGNE CUTLERY BOX,3,44.85,2
22838,3 TIER CAKE TIN RED AND CREAM,3,44.85,2
22914,BLUE COAT RACK PARIS FASHION,9,44.55,3
21174,POTTERING IN THE SHED METAL SIGN,17,44.45,3
21738,COSY SLIPPER SHOES SMALL  RED,15,44.25,3
22804,CANDLEHOLDER PINK HANGING HEART,15,44.25,3
22576,SWALLOW WOODEN CHRISTMAS DECORATION,51,43.35,4
22110,BIRD HOUSE HOT WATER BOTTLE,13,43.29,4
21559,STRAWBERRY LUNCH BOX WITH CUTLERY,15,43.27,5
47591B,SCOTTIES CHILDRENS APRON,26,43.14,4
22832,BROCANTE SHELF WITH HOOKS,4,43.0,1
84949,SILVER HANGING T-LIGHT HOLDER,25,42.96,5
85199S,SMALL HANGING IVORY/RED WOOD BIRD,92,42.94,3
51014C,"FEATHER PEN,COAL BLACK",49,42.46,3
22376,AIRLINE BAG VINTAGE JET SET WHITE,7,42.41,4
82551,LAUNDRY 15C METAL SIGN,27,42.33,3
21260,FIRST AID TIN,13,42.25,2
20668,DISCO BALL CHRISTMAS DECORATION,378,42.08,7
85114B,IVORY ENCHANTED FOREST PLACEMAT,13,41.97,3
22645,CERAMIC HEART FAIRY CAKE MONEY BANK,26,41.52,4
20969,RED FLORAL FELTCRAFT SHOULDER BAG,9,41.49,4
21115,ROSE CARAVAN DOORSTOP,5,41.43,2
22743,MAKE YOUR OWN FLOWERPOWER CARD KIT,14,41.3,4
21033,JUMBO BAG CHARLIE AND LOLA TOYS,14,41.3,2
22976,CIRCUS PARADE CHILDRENS EGG CUP,30,41.28,5
22696,WICKER WREATH LARGE,20,41.26,5
84692,BOX OF 24 COCKTAIL PARASOLS,106,41.24,6
22150,3 STRIPEY MICE FELTCRAFT,21,40.95,4
21874,GIN AND TONIC MUG,31,40.86,3
85136A,YELLOW SHARK HELICOPTER,5,40.79,3
21679,SKULLS  STICKERS,45,40.68,3
22719,GUMBALL MONOCHROME COAT RACK,37,40.67,2
21135,VICTORIAN  METAL POSTCARD SPRING,24,40.56,2
22842,BISCUIT TIN VINTAGE RED,6,40.5,1
85175,CACTI T-LIGHT CANDLES,96,40.32,1
21803,CHRISTMAS TREE STAR DECORATION,95,40.13,4
22794,SWEETHEART WIRE MAGAZINE RACK,4,39.98,3
22748,POPPY'S PLAYHOUSE KITCHEN,17,39.92,6
21175,GIN + TONIC DIET METAL SIGN,17,39.92,4
22618,COOKING SET RETROSPOT,4,39.8,2
22607,WOODEN ROUNDERS GARDEN SET,4,39.8,2
72760B,VINTAGE CREAM 3 BASKET CAKE STAND,4,39.8,2
22972,CHILDREN'S SPACEBOY MUG,22,39.72,8
84884A,ANT WHITE WIRE HEART SPIRAL,10,39.5,1
20711,JUMBO BAG TOYS,20,39.0,1
21801,CHRISTMAS TREE DECORATION WITH BELL,92,38.84,4
84380,SET OF 3 BUTTERFLY COOKIE CUTTERS,25,38.81,5
22775,PURPLE DRAWERKNOB ACRYLIC EDWARDIAN,28,38.78,4
85049G,CHOCOLATE BOX RIBBONS,29,38.77,5
21218,RED SPOTTY BISCUIT TIN,9,38.47,2
22669,RED BABY BUNTING,9,38.39,3
21041,RED RETROSPOT OVEN GLOVE DOUBLE,11,38.37,5
85184C,S/4 VALENTINE DECOUPAGE HEART BOX,13,38.35,2
22429,ENAMEL MEASURING JUG CREAM,9,38.25,3
22760,"TRAY, BREAKFAST IN BED",2,38.24,2
84969,BOX OF 6 ASSORTED COLOUR TEASPOONS,8,38.22,3
90199C,5 STRAND GLASS NECKLACE CRYSTAL,6,38.1,1
21705,BAG 500g SWIRLY MARBLES,21,38.07,4
20728,LUNCH BAG CARS BLUE,23,37.95,4
84509A,SET OF 4 ENGLISH ROSE PLACEMATS,8,37.74,3
20967,GREY FLORAL FELTCRAFT SHOULDER BAG,10,37.5,5
21668,RED STRIPE CERAMIC DRAWER KNOB,30,37.5,3
21670,BLUE SPOT CERAMIC DRAWER KNOB,30,37.5,3
22601,CHRISTMAS RETROSPOT ANGEL WOOD,39,37.2,4
84792,ENCHANTED BIRD COATHANGER 5 HOOK,8,37.2,1
21313,GLASS HEART T-LIGHT HOLDER,34,37.0,4
70007,HI TEC ALPINE HAND WARMER,16,36.66,4
85071B,RED CHARLIE+LOLA PERSONAL DOORSIGN,96,36.48,1
22662,LUNCH BAG DOLLY GIRL DESIGN,19,36.47,5
22243,5 HOOK HANGER RED MAGIC TOADSTOOL,22,36.3,2
22805,BLUE DRAWER KNOB ACRYLIC EDWARDIAN,25,36.29,3
22494,EMERGENCY FIRST AID TIN,27,36.27,3
84378,SET OF 3 HEART COOKIE CUTTERS,27,36.27,5
21592,RETROSPOT CIGAR BOX MATCHES,29,36.25,4
21500,PINK POLKADOT WRAP,100,36.0,2
22927,GREEN GIANT GARDEN THERMOMETER,6,35.7,3
21042,RED RETROSPOT APRON,6,35.7,2
22928,YELLOW GIANT GARDEN THERMOMETER,5,35.67,3
22352,LUNCH BOX WITH CUTLERY RETROSPOT,13,35.66,3
21899,"KEY FOB , GARAGE DESIGN",53,35.46,3
21452,TOADSTOOL MONEY BOX,12,35.4,2
21688,SILVER PLATE CANDLE BOWL SMALL,12,35.4,1
21333,CLASSIC WHITE FRAME,12,35.4,1
21694,SMALL REGAL  SILVER CANDLEPOT,12,35.4,1
85132A,CHARLIE + LOLA BISCUITS TINS,4,35.36,3
85032D,YULETIDE IMAGES GIFT WRAP SET,18,35.16,4
21902,"KEY FOB , FRONT  DOOR",54,35.1,3
21069,VINTAGE BILLBOARD TEA MUG,26,35.02,4
21671,RED SPOT CERAMIC DRAWER KNOB,26,35.02,3
22578,WOODEN STAR CHRISTMAS SCANDINAVIAN,41,34.85,3
22168,ORGANISER WOOD ANTIQUE WHITE,4,34.0,2
21537,RED RETROSPOT PUDDING BOWL,6,33.94,2
21901,"KEY FOB , BACK DOOR",52,33.8,2
21364,PEACE SMALL WOOD LETTERS,5,33.75,3
22664,TOY TIDY DOLLY GIRL DESIGN,9,33.67,4
22356,CHARLOTTE BAG PINK POLKADOT,25,33.4,3
22384,LUNCH BAG PINK POLKADOT,17,33.17,5
21328,BALLOONS  WRITING SET,18,33.12,6
71477,COLOUR GLASS. STAR T-LIGHT HOLDER,9,32.77,3
21488,RED WHITE SCARF  HOT WATER BOTTLE,6,32.74,5
21067,VINTAGE RED TEATIME MUG,25,32.51,2
22311,OFFICE MUG WARMER BLACK+SILVER,9,32.47,3
22186,RED STAR CARD HOLDER,11,32.45,2
22602,CHRISTMAS RETROSPOT HEART WOOD,37,32.26,3
22841,ROUND CAKE TIN VINTAGE GREEN,3,32.03,2
22688,DOORMAT PEACE ON EARTH BLUE,4,31.8,1
90082B,DIAMANTE BOW BROOCH RED COLOUR,5,31.75,1
90082A,DIAMANTE BOW BROOCH GREEN COLOUR,5,31.75,1
47566B,TEA TIME PARTY BUNTING,6,31.72,2
22899,CHILDREN'S APRON DOLLY GIRL,13,31.52,4
47599A,PINK PARTY BAGS,14,31.51,3
21818,GLITTER CHRISTMAS HEART,37,31.45,2
21354,TOAST ITS - BEST MUM,26,31.36,4
20966,SANDWICH BATH SPONGE,20,31.3,5
21900,"KEY FOB , SHED",48,31.2,1
22434,BALLOON PUMP WITH 10 BALLOONS,16,31.2,1
21883,STARS GIFT TAPE,48,31.2,2
22540,MINI JIGSAW CIRCUS PARADE,73,31.09,4
22544,MINI JIGSAW SPACEBOY,73,31.09,4
21993,FLORAL FOLK STATIONERY SET,12,31.0,4
21216,"SET 3 RETROSPOT TEA,COFFEE,SUGAR",5,30.82,2
21982,PACK OF 12 SUKI TISSUES,100,30.68,6
22610,PENS ASSORTED FUNNY FACE,36,30.6,1
22499,WOODEN UNION JACK BUNTING,4,30.57,2
22822,CREAM WALL PLANTER HEART SHAPED,4,30.57,3
22583,PACK OF 6 HANDBAG GIFT BOXES,10,30.52,5
22589,CARDHOLDER GINGHAM STAR,9,30.48,3
84971S,SMALL HEART FLOWERS HOOK,33,30.48,3
85127,SMALL SQUARE CUT GLASS CANDLESTICK,4,30.24,2
22983,CARD BILLBOARD FONT,72,30.24,5
22071,SMALL WHITE RETROSPOT MUG IN BOX,7,30.12,2
22975,SPACEBOY CHILDRENS EGG CUP,20,30.04,6
21390,FILIGRIS HEART WITH BUTTERFLY,24,30.0,1
37495,FAIRY CAKE BIRTHDAY CANDLE SET,8,30.0,2
22426,ENAMEL WASH BOWL CREAM,8,30.0,2
21355,TOAST ITS - I LOVE YOU,24,30.0,1
22460,EMBOSSED GLASS TEALIGHT HOLDER,24,30.0,1
21125,SET 6 FOOTBALL CELEBRATION CANDLES,24,30.0,2
22733,3D TRADITIONAL CHRISTMAS STICKERS,24,30.0,2
22773,GREEN DRAWER KNOB ACRYLIC EDWARDIAN,24,30.0,2
21873,IF YOU CAN'T STAND THE HEAT MUG,24,30.0,1
21927,BLUE/CREAM STRIPE CUSHION COVER,24,30.0,1
15060B,FAIRY CAKE DESIGN UMBRELLA,8,30.0,2
84683,CLASSICAL ROSE CANDLESTAND,24,30.0,1
21761,WOOD AND GLASS MEDICINE CABINET,1,29.95,1
22735,RIBBON REEL SOCKS AND MITTENS,15,29.88,3
22357,KINGS CHOICE BISCUIT TIN,6,29.72,3
21539,RED RETROSPOT BUTTER DISH,6,29.7,2
22222,CAKE PLATE LOVEBIRD WHITE,6,29.7,2
21662,VINTAGE GLASS COFFEE CADDY,3,29.69,2
22580,ADVENT CALENDAR GINGHAM SACK,3,29.69,3
21249,WOODLAND  HEIGHT CHART STICKERS,8,29.52,3
21563,RED HEART SHAPE LOVE BUCKET,8,29.52,2
22314,OFFICE MUG WARMER CHOC+BLUE,8,29.52,3
22115,METAL SIGN EMPIRE TEA,8,29.52,2
22810,SET OF 6 T-LIGHTS SNOWMEN,9,29.51,4
22531,MAGIC DRAWING SLATE CIRCUS PARADE,61,29.49,6
82583,HOT BATHS METAL SIGN,13,29.41,2
22955,36 FOIL STAR CAKE CASES,14,29.4,3
82567,"AIRLINE LOUNGE,METAL SIGN",14,29.4,2
21494,ROTATING LEAVES T-LIGHT HOLDER,17,28.87,3
21810,CHRISTMAS HANGING STAR WITH BELL,20,28.78,4
35961,FOLKART ZINC HEART CHRISTMAS DEC,29,28.7,4
22695,WICKER WREATH SMALL,17,28.47,3
21116,OWL DOORSTOP,5,28.27,3
47590A,BLUE HAPPY BIRTHDAY BUNTING,4,27.37,2
22533,MAGIC DRAWING SLATE BAKE A CAKE,72,27.36,3
47599B,BLUE PARTY BAGS,13,27.3,3
22335,HEART DECORATION PAINTED ZINC,38,27.22,3
21422,PORCELAIN ROSE SMALL,32,27.2,2
22661,CHARLOTTE BAG DOLLY GIRL DESIGN,32,27.2,4
21110,LARGE CAKE TOWEL PINK SPOTS,2,27.14,1
22948,METAL DECORATION NAUGHTY CHILDREN,4,27.08,2
37446,MINI CAKE STAND WITH HANGING CAKES,17,26.56,3
21739,COSY SLIPPER SHOES SMALL GREEN,9,26.55,3
21890,S/6 WOODEN SKITTLES IN COTTON BAG,9,26.55,3
22273,FELTCRAFT DOLL MOLLY,9,26.55,2
22766,PHOTO FRAME CORNICE,9,26.55,2
21207,SKULL AND CROSSBONES  GARLAND,14,26.52,2
22973,CHILDREN'S CIRCUS PARADE MUG,15,26.46,4
21888,BINGO SET,6,26.37,3
21892,TRADITIONAL WOODEN CATCH CUP GAME,17,26.29,4
22196,SMALL HEART MEASURING SPOONS,29,26.27,4
21472,LADYBIRD + BEE RAFFIA FOOD COVER,7,26.25,2
21735,TWO DOOR CURIO CABINET,2,25.5,1
72818,CHRISTMAS DECOUPAGE CANDLE,30,25.5,4
21411,GINGHAM HEART  DOORSTOP RED,6,25.5,2
85066,CREAM SWEETHEART MINI CHEST,2,25.5,1
22171,3 HOOK PHOTO SHELF ANTIQUE WHITE,3,25.5,2
22636,CHILDS BREAKFAST SET CIRCUS PARADE,3,25.5,1
22942,CHRISTMAS LIGHTS 10 SANTAS,3,25.5,1
21621,VINTAGE UNION JACK BUNTING,3,25.5,2
22605,WOODEN CROQUET GARDEN SET,1,25.49,1
21716,BOYS VINTAGE TIN SEASIDE BUCKET,9,25.46,2
22375,AIRLINE BAG VINTAGE JET SET BROWN,4,25.44,2
20902,VINTAGE KEEPSAKE BOX PARIS DAYS,3,25.42,2
35004G,SET OF 3 GOLD FLYING DUCKS,4,25.4,1
90082D,DIAMANTE BOW BROOCH BLACK COLOUR,4,25.4,1
21706,FOLDING UMBRELLA RED/WHITE POLKADOT,3,25.29,2
22915,ASSORTED BOTTLE TOP  MAGNETS,49,25.22,4
22441,GROW YOUR OWN BASIL IN ENAMEL MUG,12,25.2,5
22965,3 TRADITIONAL COOKIE CUTTERS  SET,12,25.2,2
22965,3 TRADITIONAl BISCUIT CUTTERS  SET,12,25.2,2
20798,CLEAR MILKSHAKE GLASS,12,25.2,1
22680,FRENCH BLUE METAL DOOR SIGN 5,20,25.0,1
20674,GREEN POLKADOT BOWL,20,25.0,2
22761,CHEST 7 DRAWER MA CAMPAGNE,1,24.95,1
21967,PACK OF 12 SKULL TISSUES,86,24.94,5
21911,GARDEN METAL SIGN,14,24.81,3
84854,GIRLY PINK TOOL SET,5,24.75,1
21980,PACK OF 12 RED RETROSPOT TISSUES,85,24.65,4
22419,LIPSTICK PEN RED,47,24.47,3
85136C,RED SHARK HELICOPTER,3,24.37,2
21158,MOODY GIRL DOOR HANGER,14,24.12,2
22489,PACK OF 12 TRADITIONAL CRAYONS,54,23.97,5
22825,DECORATIVE PLANT POT WITH FRIEZE,3,23.85,2
21955,DOORMAT UNION JACK GUNS AND ROSES,3,23.85,2
48173C,DOORMAT BLACK FLOCK,3,23.85,3
22925,BLUE GIANT GARDEN THERMOMETER,4,23.8,2
21877,HOME SWEET HOME MUG,19,23.75,3
21385,IVORY HANGING DECORATION  HEART,26,23.72,2
22245,"HOOK, 1 HANGER ,MAGIC GARDEN",26,23.72,2
22224,WHITE LOVEBIRD LANTERN,7,23.61,2
37450,CERAMIC CAKE BOWL + HANGING CAKES,7,23.61,2
21365,MIRRORED WALL ART STARS,7,23.61,2
21288,STRIPEY CHOCOLATE NESTING BOXES,7,23.61,2
21324,HANGING MEDINA LANTERN SMALL,8,23.6,2
85104,SILVER GLASS T-LIGHT SET,8,23.6,1
22271,FELTCRAFT DOLL ROSIE,8,23.6,2
22809,SET OF 6 T-LIGHTS SANTA,8,23.6,3
22244,3 HOOK HANGER MAGIC GARDEN,12,23.4,1
22906,12 MESSAGE CARDS WITH ENVELOPES,11,23.28,5
22208,WOOD STAMP SET THANK YOU,13,23.16,2
22604,SET OF 4 NAPKIN CHARMS CUTLERY,9,22.95,2
21262,WHITE GOOSE FEATHER CHRISTMAS TREE,3,22.86,2
22582,PACK OF 6 SWEETIE GIFT BOXES,6,22.83,4
22301,COFFEE MUG CAT + BIRD DESIGN,5,22.79,3
22070,SMALL RED RETROSPOT MUG IN BOX,6,22.5,1
20977,36 PENCILS TUBE WOODLAND,18,22.5,2
22480,RED TEA TOWEL CLASSIC DESIGN,18,22.5,3
22094,RED RETROSPOT TISSUE BOX,18,22.5,2
22128,PARTY CONES CANDY ASSORTED,18,22.5,2
35598B,BLACK CHRISTMAS TREE 60CM,25,22.37,2
84031B,CHARLIE LOLA BLUE HOT WATER BOTTLE,5,22.37,3
22644,CERAMIC CHERRY CAKE MONEY BANK,14,22.21,3
51014A,"FEATHER PEN,HOT PINK",25,22.06,3
22649,STRAWBERRY FAIRY CAKE TEAPOT,2,22.04,1
21851,LILAC DIAMANTE PEN IN GIFT BOX,5,21.79,3
21868,POTTING SHED TEA MUG,14,21.72,2
85114C,RED ENCHANTED FOREST PLACEMAT,11,21.57,3
21811,CHRISTMAS HANGING HEART WITH BELL,16,21.26,4
20979,36 PENCILS TUBE RED RETROSPOT,17,21.25,2
22577,WOODEN HEART CHRISTMAS SCANDINAVIAN,25,21.25,2
22321,BIRD DECORATION RED RETROSPOT,25,21.25,3
21408,SPOTTY PINK DUCK DOORSTOP,4,21.22,2
22497,SET OF 2 TINS VINTAGE BATHROOM,3,21.19,2
85231B,CINAMMON SET OF 9 T-LIGHTS,22,21.13,6
21195,PINK  HONEYCOMB PAPER BALL,5,21.05,1
21830,ASSORTED CREEPY CRAWLIES,49,21.01,2
21519,GIN & TONIC DIET GREETING CARD,49,21.01,4
20754,RETROSPOT RED WASHING UP GLOVES,9,21.01,4
22476,EMPIRE UNION JACK TV DINNER TRAY,3,20.92,2
84658,WHITE STITCHED CUSHION COVER,3,20.85,1
22336,DOVE DECORATION PAINTED ZINC,28,20.72,2
22087,PAPER BUNTING WHITE LACE,5,20.67,3
21609,SET 12 LAVENDER  BOTANICAL T-LIGHTS,7,20.65,2
21380,WOODEN HAPPY BIRTHDAY GARLAND,7,20.65,2
21062,PARTY INVITES SPACEMAN,24,20.4,2
21061,PARTY INVITES FOOTBALL,24,20.4,2
21063,PARTY INVITES JAZZ HEARTS,24,20.4,2
20828,GLITTER BUTTERFLY CLIPS,8,20.4,2
21724,PANDA AND BUNNIES STICKER SHEET,24,20.4,2
21715,GIRLS VINTAGE TIN SEASIDE BUCKET,8,20.4,1
85061W,WHITE JEWELLED HEART DECORATION,24,20.4,1
21788,KIDS RAIN MAC BLUE,24,20.4,1
22924,FRIDGE MAGNETS LA VIE EN ROSE,24,20.4,2
22923,FRIDGE MAGNETS LES ENFANTS ASSORTED,24,20.4,2
20982,12 PENCILS TALL TUBE SKULLS,24,20.4,2
22890,NOVELTY BISCUITS CAKE STAND 3 TIER,1,20.38,1
22788,BROCANTE COAT RACK,1,20.38,1
21544,SKULLS  WATER TRANSFER TATTOOS,23,20.36,3
21161,KEEP OUT BOYS DOOR HANGER,14,20.3,2
21381,MINI WOODEN HAPPY BIRTHDAY GARLAND,12,20.28,1
84849B,FAIRY SOAP SOAP HOLDER,12,20.28,1
22170,PICTURE FRAME WOOD TRIPLE PORTRAIT,3,20.25,1
22734,SET OF 6 RIBBONS VINTAGE CHRISTMAS,4,20.24,2
22818,CARD CHRISTMAS VILLAGE,42,20.22,4
M,Manual,2,20.2,1
35954,SMALL FOLKART STAR CHRISTMAS DEC,48,20.16,1
22815,CARD PSYCHEDELIC APPLES,48,20.16,3
85172,HYACINTH BULB T-LIGHT CANDLES,48,20.16,1
22792,FLUTED ANTIQUE CANDLE HOLDER,18,20.16,3
22446,PIN CUSHION BABUSHKA PINK,6,20.1,2
21012,ANTIQUE ALL GLASS CANDLESTICK,8,20.08,2
22425,ENAMEL COLANDER CREAM,3,20.07,2
84510A,SET OF 4 ENGLISH ROSE COASTERS,14,20.02,3
72817,SET OF 2 CHRISTMAS DECOUPAGE CANDLE,15,19.98,3
22763,KEY CABINET MA CAMPAGNE,2,19.9,1
22776,"CAKESTAND, 3 TIER, LOVEHEART",2,19.9,1
22829,SWEETHEART WIRE WALL TIDY,2,19.9,1
22796,PHOTO FRAME 3 CLASSIC HANGING,2,19.9,1
21784,SHOE SHINE BOX,2,19.9,1
22060,LARGE CAKE STAND HANGING HEARTS,2,19.9,1
22061,LARGE CAKE STAND  HANGING STRAWBERY,2,19.9,1
21623,VINTAGE UNION JACK MEMOBOARD,2,19.9,1
21934,SKULL SHOULDER BAG,11,19.86,2
22285,"DECORATION HEN ON NEST, HANGING",12,19.8,1
22284,HEN HOUSE DECORATION,12,19.8,1
85045,GREEN CHRISTMAS TREE STRING 20LIGHT,4,19.8,1
21363,HOME SMALL WOOD LETTERS,4,19.8,2
85232B,SET OF 3 BABUSHKA STACKING TINS,4,19.8,4
22341,LOVE GARLAND PAINTED ZINC,12,19.8,1
79164,BLACK WINE GLASS,12,19.8,1
22507,MEMO BOARD RETROSPOT  DESIGN,4,19.8,1
22672,FRENCH BATHROOM SIGN BLUE METAL,12,19.8,1
21206,STRAWBERRY HONEYCOMB  GARLAND,12,19.8,1
22623,BOX OF VINTAGE JIGSAW BLOCKS,4,19.8,2
22209,WOOD STAMP SET HAPPY BIRTHDAY,12,19.8,1
22210,WOOD STAMP SET BEST WISHES,12,19.8,1
22488,NATURAL SLATE RECTANGLE CHALKBOARD,12,19.8,1
22972,CHILDRENS SPACEBOY MUG,12,19.8,1
79163,BLACK CHAMPAGNE GLASS,12,19.8,1
35637A,IVORY STRING CURTAIN WITH POLE,1,19.53,1
20992,JAZZ HEARTS PURSE NOTEBOOK,22,19.51,3
84832,ZINC WILLIE WINKIE  CANDLE STICK,19,19.39,5
22603,CHRISTMAS RETROSPOT TREE WOOD,18,19.35,5
21577,SAVE THE PLANET COTTON TOTE BAG,6,19.12,4
85067,CREAM SWEETHEART WALL CABINET,1,18.95,1
82580,BATHROOM METAL SIGN,29,18.87,5
22548,HEADS AND TAILS SPORTING FUN,14,18.76,3
21664,RIDGED GLASS STORAGE JAR CREAM LID,5,18.75,2
85049C,ROMANTIC PINKS RIBBONS,15,18.75,2
37476,CONDIMENT TRAY 4 BOWLS AND 4 SPOONS,1,18.68,1
21742,LARGE ROUND WICKER PLATTER,2,18.67,2
21700,BIG DOUGHNUT FRIDGE MAGNETS,13,18.67,2
22437,SET OF 9 BLACK SKULL BALLOONS,21,18.66,2
21576,LETS GO SHOPPING COTTON TOTE BAG,7,18.56,2
21238,RED RETROSPOT CUP,18,18.54,4
22713,CARD I LOVE LONDON,40,18.52,4
21875,KINGS CHOICE MUG,13,18.36,2
21935,SUKI  SHOULDER BAG,8,18.33,4
22741,FUNKY DIVA PEN,11,18.26,2
21507,"ELEPHANT, BIRTHDAY CARD,",49,18.13,2
35598D,PINK/WHITE CHRISTMAS TREE 60CM,25,18.11,2
15036,ASSORTED COLOURS SILK FAN,24,18.0,2
37448,CERAMIC CAKE DESIGN SPOTTED MUG,12,17.88,1
84988,SET OF 72 PINK HEART PAPER DOILIES,6,17.88,2
22320,BIRDS MOBILE VINTAGE DESIGN,3,17.85,1
21463,MIRRORED DISCO BALL,3,17.85,2
22276,WASH BAG VINTAGE ROSE PAISLEY,3,17.73,2
22360,GLASS JAR ENGLISH CONFECTIONERY,4,17.72,2
84625A,PINK NEW BAROQUECANDLESTICK CANDLE,5,17.71,3
22313,OFFICE MUG WARMER PINK,6,17.7,1
22164,STRING OF STARS CARD HOLDER,6,17.7,1
85071A,BLUE CHARLIE+LOLA PERSONAL DOORSIGN,6,17.7,1
84674,FLYING PIG WATERING CAN,6,17.7,1
84519A,TOMATO CHARLIE+LOLA COASTER SET,6,17.7,1
22358,KINGS CHOICE TEA CADDY,6,17.7,1
22272,FELTCRAFT DOLL MARIA,6,17.7,1
21741,COSY SLIPPER SHOES LARGE GREEN,6,17.7,1
22089,PAPER BUNTING VINTAGE PAISLEY,6,17.7,1
22806,SET OF 6 T-LIGHTS WEDDING CAKE,6,17.7,1
21106,CREAM SLICE FLANNEL CHOCOLATE SPOT,6,17.7,1
21774,DECORATIVE CATS BATHROOM BOTTLE,7,17.57,2
22575,METAL MERRY CHRISTMAS WREATH,9,17.55,2
22477,WATERING CAN GARDEN MARKER,12,17.52,2
21272,SALLE DE BAIN HOOK,13,17.51,2
22405,MONEY BOX POCKET MONEY DESIGN,13,17.51,2
20676,RED RETROSPOT BOWL,13,17.51,2
21356,TOAST ITS - FAIRY FLOWER,13,17.51,2
21070,VINTAGE BILLBOARD MUG,13,17.51,2
21718,RED METAL BEACH SPADE,13,17.51,2
22099,CARAVAN SQUARE TISSUE BOX,14,17.5,2
21159,MOODY BOY  DOOR HANGER,12,17.4,1
21163,DO NOT TOUCH MY STUFF DOOR HANGER,12,17.4,1
21172,PARTY METAL SIGN,12,17.4,1
84760S,SMALL HANGING GLASS+ZINC LANTERN,12,17.4,1
22190,LOCAL CAFE MUG,7,17.16,3
22215,CAKE STAND WHITE TWO TIER LACE,2,17.0,1
90200D,PINK SWEETHEART BRACELET,4,17.0,2
22777,GLASS BELL JAR LARGE,2,17.0,1
72802C,VANILLA SCENT CANDLE JEWELLED BOX,4,17.0,2
22194,BLACK DINER WALL CLOCK,2,17.0,1
85019A,ROMANTIC IMAGES NOTEBOOK SET,4,17.0,1
84609,TALL ROCOCO CANDLE HOLDER,1,16.98,1
72807C,SET/3 VANILLA SCENTED CANDLE IN BOX,3,16.97,2
84352,SILVER CHRISTMAS TREE BAUBLE STAND,1,16.95,1
22849,BREAD BIN DINER STYLE MINT,1,16.95,1
21407,BROWN CHECK CAT DOORSTOP,2,16.94,1
72807A,SET/3 ROSE CANDLE IN JEWELLED BOX,2,16.94,2
84279P,CHERRY BLOSSOM  DECORATIVE FLASK,2,16.94,2
22338,STAR DECORATION PAINTED ZINC,26,16.9,2
21165,BEWARE OF THE CAT METAL SIGN,4,16.84,2
21846,PINK DIAMANTE PEN IN GIFT BOX,4,16.84,1
22325,MOBILE VINTAGE HEARTS,2,16.82,2
22519,CHILDS GARDEN BRUSH PINK,7,16.81,2
84913B,MINT GREEN ROSE TOWEL,5,16.8,2
22902,TOTE BAG I LOVE LONDON,8,16.8,2
22162,HEART GARLAND RUSTIC PADDED,5,16.8,2
22440,BALLOON WATER BOMB PACK OF 35,40,16.8,1
20682,RED RETROSPOT CHILDRENS UMBRELLA,3,16.79,2
20780,BLACK EAR MUFF HEADPHONES,2,16.51,2
17003,BROCADE RING PURSE,75,16.41,3
21974,SET OF 36 PAISLEY FLOWER DOILIES,6,16.35,2
82578,KITCHEN METAL SIGN,27,16.31,5
22315,200 RED + WHITE BENDY STRAWS,13,16.25,2
22092,BLUE PAISLEY TISSUE BOX,13,16.25,2
22316,200 BENDY SKULL STRAWS,13,16.25,2
22670,FRENCH WC SIGN BLUE METAL,13,16.25,2
22283,6 EGG HOUSE PAINTED WOOD,1,16.13,1
22944,CHRISTMAS METAL POSTCARD WITH BELLS,1,16.13,1
21823,PAINTED METAL HEART WITH HOLLY BELL,9,16.11,3
20724,RED RETROSPOT CHARLOTTE BAG,15,15.99,4
22712,CARD DOLLY GIRL,37,15.97,3
22854,CREAM SWEETHEART EGG HOLDER,2,15.97,2
22278,OVERNIGHT BAG VINTAGE ROSE PAISLEY,2,15.97,2
22471,TV DINNER TRAY AIR HOSTESS,2,15.97,2
22432,WATERING CAN PINK BUNNY,7,15.91,2
22442,GROW YOUR OWN FLOWERS SET OF 3,2,15.9,1
22778,GLASS BELL JAR SMALL,4,15.8,1
22227,HANGING HEART MIRROR DECORATION,24,15.6,1
85199L,LARGE HANGING IVORY & RED WOOD BIRD,23,15.58,3
22716,CARD CIRCUS PARADE,37,15.54,4
46000M,POLYESTER FILLER PAD 45x45cm,10,15.5,1
21556,CERAMIC STRAWBERRY MONEY BOX,6,15.3,1
85071D,CHARLIE+LOLA MY ROOM DOOR SIGN,6,15.3,1
72800E,4 IVORY DINNER CANDLES SILVER FLOCK,6,15.3,1
85071C,"CHARLIE+LOLA""EXTREMELY BUSY"" SIGN",6,15.3,1
21561,DINOSAUR LUNCH BOX WITH CUTLERY,6,15.3,1
22584,PACK OF 6 PANNETONE GIFT BOXES,5,15.26,3
21821,GLITTER STAR GARLAND WITH BELLS,2,15.24,2
22550,HOLIDAY FUN LUDO,2,15.24,1
20931,BLUE POT PLANT CANDLE,2,15.24,1
21244,BLUE POLKADOT PLATE,9,15.21,2
21245,GREEN POLKADOT PLATE,9,15.21,2
22300,COFFEE MUG DOG + BALL DESIGN,3,15.18,2
22755,SMALL PURPLE BABUSHKA NOTEBOOK,15,15.18,3
22751,FELTCRAFT PRINCESS OLIVIA DOLL,3,15.12,2
22152,PLACE SETTING WHITE STAR,36,15.12,2
22718,CARD CAT AND TREE,36,15.12,2
21813,GARLAND WITH STARS AND BELLS,2,15.12,2
22430,ENAMEL WATERING CAN CREAM,2,15.12,2
21981,PACK OF 12 WOODLAND TISSUES,50,15.06,3
21984,PACK OF 12 PINK PAISLEY TISSUES,50,15.06,3
20718,RED RETROSPOT SHOPPER BAG,11,15.01,2
10135,COLOURING PENCILS BROWN TUBE,11,15.01,2
72801C,4 ROSE PINK DINNER CANDLES,12,15.0,1
90002D,FLOWER BURST SILVER RING CRYSTAL,4,15.0,1
72801D,4 SKY BLUE DINNER CANDLES,12,15.0,1
22511,RETROSPOT BABUSHKA DOORSTOP,4,15.0,1
22400,MAGNETS PACK OF 4 HOME SWEET HOME,12,15.0,1
22408,MONEY BOX CONFECTIONERY DESIGN,12,15.0,1
22406,MONEY BOX KINGS CHOICE DESIGN,12,15.0,1
22402,MAGNETS PACK OF 4 VINTAGE COLLAGE,12,15.0,1
22127,PARTY CONES CARNIVAL ASSORTED,12,15.0,1
21872,GLAMOROUS  MUG,12,15.0,1
84763,ZINC FINISH 15CM PLANTER POTS,12,15.0,1
21126,SET OF 6 GIRLS CELEBRATION CANDLES,12,15.0,1
22564,ALPHABET STENCIL CRAFT,12,15.0,1
BANK CHARGES,Bank Charges,1,15.0,1
22399,MAGNETS PACK OF 4 CHILDHOOD MEMORY,12,15.0,1
22217,T-LIGHT HOLDER HANGING LACE,12,15.0,1
85049D,BRIGHT BLUES RIBBONS,12,15.0,1
21591,COSY HOUR CIGAR BOX MATCHES,12,15.0,3
21538,DAIRY MAID  PUDDING BOWL,4,15.0,1
21421,PORCELAIN ROSE LARGE,12,15.0,1
21690,SILVER  CANDLEPOT JARDIN,4,15.0,1
21374,MIRRORED WALL ART SKULLS,4,15.0,1
84569B,PACK 3 FIRE ENGINE/CAR PATCHES,12,15.0,1
84509B,SET OF 4 FAIRY CAKE PLACEMATS,4,15.0,1
21925,UNION STRIPE CUSHION COVER,12,15.0,1
21804,WHITE CHRISTMAS GARLAND STARS TREES,4,15.0,2
70006,LOVE HEART POCKET WARMER,7,14.97,2
22765,NEWSPAPER STAND,1,14.95,1
22118,JOY WOODEN BLOCK LETTERS,3,14.85,1
20820,SILVER LOOKING MIRROR,3,14.85,1
22784,LANTERN CREAM GAZEBO,3,14.85,1
22913,RED COAT RACK PARIS FASHION,3,14.85,1
22912,YELLOW COAT RACK PARIS FASHION,3,14.85,1
22614,PACK OF 12 SPACEBOY TISSUES,49,14.77,2
22904,CALENDAR PAPER CUT DESIGN,4,14.76,2
22746,POPPY'S PLAYHOUSE LIVINGROOM,5,14.72,3
22380,TOY TIDY SPACEBOY,6,14.71,2
22212,FOUR HOOK  WHITE LOVEBIRDS,7,14.7,2
21814,HEART T-LIGHT HOLDER,10,14.5,1
79066K,RETRO MOD TRAY,17,14.45,3
48188,DOORMAT WELCOME PUPPIES,1,14.43,1
22539,MINI JIGSAW DOLLY GIRL,29,14.33,3
22814,CARD PARTY GAMES,29,14.33,3
21880,RED RETROSPOT TAPE,22,14.3,2
82581,TOILET METAL SIGN,26,14.3,3
22651,GENTLEMAN SHIRT REPAIR KIT,13,14.29,4
21983,PACK OF 12 BLUE PAISLEY TISSUES,48,13.92,1
22615,PACK OF 12 CIRCUS PARADE TISSUES,48,13.92,1
22161,HEART DECORATION RUSTIC HANGING,17,13.77,2
21509,COWBOYS AND INDIANS BIRTHDAY CARD,36,13.68,2
22131,FOOD CONTAINER SET 3 LOVE HEART,7,13.65,2
21239,PINK  POLKADOT CUP,16,13.6,2
21292,SMALL STRIPES CHOCOLATE GIFT BAG,16,13.6,1
21109,"LARGE CAKE TOWEL, CHOCOLATE SPOTS",1,13.57,1
21906,PHARMACIE FIRST AID TIN,1,13.57,1
21136,PAINTED METAL PEARS ASSORTED,8,13.52,1
85227,SET OF 6 3D KIT CARDS FOR KIDS,14,13.52,2
21351,CINAMMON & ORANGE WREATH,2,13.5,1
21579,LOLITA  DESIGN  COTTON TOTE BAG,6,13.5,1
22600,CHRISTMAS RETROSPOT STAR WOOD,13,13.48,3
22816,CARD MOTORBIKE SANTA,28,13.48,3
35965,FOLKART HEART NAPKIN RINGS,4,13.44,1
21189,WHITE HONEYCOMB PAPER GARLAND,4,13.44,1
21034,REX CASH+CARRY JUMBO SHOPPER,14,13.3,6
22334,DINOSAUR PARTY BAG + STICKER SET,8,13.2,1
22417,PACK OF 60 SPACEBOY CAKE CASES,24,13.2,1
22332,SKULLS PARTY BAG + STICKER SET,8,13.2,1
21990,MODERN FLORAL STATIONERY SET,5,12.99,3
22422,TOOTHPASTE TUBE PEN,16,12.92,3
85019C,CURIOUS  IMAGES NOTEBOOK SET,3,12.75,1
90196A,PURPLE GEMSTONE NECKLACE 45CM,1,12.75,1
22372,AIRLINE BAG VINTAGE WORLD CHAMPION,3,12.75,2
21464,DISCO BALL ROTATOR BATTERY OPERATED,3,12.75,2
90185C,BLACK DIAMANTE EXPANDABLE RING,3,12.75,2
84968C,SET OF 16 VINTAGE PISTACHIO CUTLERY,1,12.75,1
90200A,PURPLE SWEETHEART BRACELET,3,12.74,3
90200C,BLUE SWEETHEART BRACELET,3,12.73,3
79030G,"TUMBLER, NEW ENGLAND",1,12.72,1
21128,GOLD FISHING GNOME,1,12.72,1
21758,VINTAGE SHELLS PRINT,1,12.72,1
79030D,"TUMBLER, BAROQUE",1,12.72,1
21370,MIRRORED WALL ART FOXY,2,12.7,1
22845,VINTAGE CREAM CAT FOOD CONTAINER,2,12.7,1
85159A,"BLACK TEA,COFFEE,SUGAR JARS",2,12.7,1
90199A,5 STRAND GLASS NECKLACE BLACK,2,12.7,1
22350,ILLUSTRATED CAT BOWL,3,12.67,2
84580,MOUSE TOY WITH PINK T-SHIRT,3,12.63,2
84846A,SCENTED CANDLE IN DIGITALIS TIN,6,12.6,1
21155,RED RETROSPOT PEG BAG,6,12.6,1
22676,FRENCH BLUE METAL DOOR SIGN 1,10,12.5,1
22731,3D CHRISTMAS STAMPS STICKERS,10,12.5,5
90178A,AMBER CHUNKY GLASS+BEAD NECKLACE,1,11.95,1
84360,TABLE LAMP WHITE SHADE WOOD BASE,2,11.9,1
22786,CUSHION COVER PINK UNION JACK,2,11.9,1
84856L,LARGE TAHITI BEACH BAG,1,11.87,1
85177,BASKET OF FLOWERS SEWING KIT,13,11.86,2
21722,SWEET PUDDING STICKER SHEET,13,11.86,2
20723,STRAWBERRY CHARLOTTE BAG,13,11.86,4
21564,PINK  HEART SHAPE LOVE BUCKET,2,11.82,1
21188,3D HEARTS  HONEYCOMB PAPER GARLAND,2,11.82,1
35599D,PINK AND WHITE CHRISTMAS TREE 120CM,2,11.82,2
22359,GLASS JAR KINGS CHOICE,2,11.82,1
22317,FIVE CATS HANGING DECORATION,2,11.82,1
22361,GLASS JAR DAISY FRESH COTTON WOOL,2,11.82,1
18098C,PORCELAIN BUTTERFLY OIL BURNER,2,11.82,1
21557,SET OF 6 FUNKY BEAKERS,3,11.81,2
22312,OFFICE MUG WARMER POLKADOT,3,11.81,3
22445,PENCIL CASE LIFE IS BEAUTIFUL,4,11.8,1
20665,RED RETROSPOT PURSE,4,11.8,2
22081,RIBBON REEL FLORA + FAUNA,4,11.73,3
22431,WATERING CAN BLUE ELEPHANT,6,11.7,1
22433,WATERING CAN GREEN DINOSAUR,6,11.7,1
21192,WHITE BELL HONEYCOMB PAPER,5,11.67,2
22295,HEART FILIGREE DOVE LARGE,7,11.55,2
21369,MIRRORED WALL ART SPLODGES,2,11.37,2
21802,CHRISTMAS TREE HEART DECORATION,26,11.18,2
72598,SET/12 TAPER CANDLES,13,11.05,2
21719,LOVELY BONBON STICKER SHEET,13,11.05,2
21817,GLITTER CHRISTMAS TREE,13,11.05,2
20835,FRENCH LATTICE CUSHION COVER,1,11.02,1
46775D,SUNSET COLOUR CHUNKY KNITTED THROW,1,11.02,1
22537,MAGIC DRAWING SLATE DINOSAUR,25,10.93,2
22547,MINI JIGSAW DINOSAUR,25,10.93,2
21520,BOOZE & WOMEN GREETING CARD,25,10.93,3
22037,ROBOT BIRTHDAY CARD,25,10.93,3
47570B,TEA TIME TABLE CLOTH,1,10.65,1
22378,WALL TIDY RETROSPOT,3,10.52,2
22049,WRAP CHRISTMAS SCREEN PRINT,25,10.5,1
16156S,WRAP PINK FAIRY CAKES,25,10.5,1
22045,SPACEBOY GIFT WRAP,25,10.5,1
21497,FANCY FONTS BIRTHDAY WRAP,25,10.5,1
21918,SET 12 KIDS COLOUR  CHALK STICKS,25,10.5,2
22705,WRAP GREEN PEARS,25,10.5,1
22706,WRAP COWBOYS,25,10.5,1
22704,WRAP RED APPLES,25,10.5,1
22986,GINGHAM ROSE WRAP,25,10.5,1
21427,SKULLS STORAGE BOX SMALL,5,10.5,3
21495,SKULLS AND CROSSBONES WRAP,25,10.5,1
22985,"WRAP, BILLBOARD FONTS DESIGN",25,10.5,1
21986,PACK OF 12 PINK POLKADOT TISSUES,36,10.44,2
21441,BLUE BIRDHOUSE DECORATION,12,10.2,1
21058,PARTY INVITES WOODLAND,12,10.2,1
22264,FELT FARM ANIMAL WHITE BUNNY,12,10.2,1
22922,FRIDGE MAGNETS US DINER ASSORTED,12,10.2,1
21059,PARTY INVITES DINOSAURS,12,10.2,1
21989,PACK OF 20 SKULL PAPER NAPKINS,12,10.2,1
22643,SET OF 4 NAPKIN CHARMS LEAVES,4,10.2,1
22642,SET OF 4 NAPKIN CHARMS STARS,4,10.2,1
51014L,"FEATHER PEN,LIGHT PINK",12,10.2,1
22597,CHRISTMAS MUSICAL ZINC HEART,12,10.2,1
22599,CHRISTMAS MUSICAL ZINC STAR,12,10.2,1
21988,PACK OF 6 SKULL PAPER PLATES,12,10.2,1
20983,12 PENCILS TALL TUBE RED RETROSPOT,12,10.2,1
21060,PARTY INVITES BALLOON GIRL,12,10.2,1
90161B,ANT COPPER TURQ BOUDICCA BRACELET,2,10.18,1
90161A,ANT COPPER RED BOUDICCA BRACELET,2,10.18,2
85008,SET OF 3 CONEY ISLAND OVAL BOXES,1,10.17,1
90124B,BLUE MURANO TWIST NECKLACE,1,10.17,1
20700,GREEN CAT FLORAL CUSHION COVER,1,10.17,1
85232D,SET/3 DECOUPAGE STACKING TINS,1,10.17,1
47580,TEA TIME DES TEA COSY,3,10.16,2
22309,TEA COSY RED  STRIPE,2,10.12,2
20699,MOUSEY LONG LEGS SOFT TOY,2,10.12,1
11001,ASSTD DESIGN RACING CAR PEN,3,10.08,1
22819,"BIRTHDAY CARD, RETRO SPOT",24,10.08,1
47421,ASSORTED COLOUR LIZARD SUCTION HOOK,24,10.08,1
22893,MINI CAKE STAND T-LIGHT HOLDER,24,10.08,1
84912B,GREEN ROSE WASHBAG,3,10.08,2
22028,PENNY FARTHING BIRTHDAY CARD,24,10.08,2
22044,CHRISTMAS CARD STACK OF PRESENTS,24,10.08,2
22029,SPACEBOY BIRTHDAY CARD,24,10.08,2
22543,MINI JIGSAW BAKE A CAKE,24,10.08,1
22030,SWALLOWS GREETING CARD,24,10.08,2
16235,RECYCLED PENCIL WITH RABBIT ERASER,48,10.08,1
22024,RAINY LADIES BIRTHDAY CARD,24,10.08,2
22717,CARD DOG AND BALL,24,10.08,2
22447,PIN CUSHION BABUSHKA BLUE,3,10.05,1
22448,PIN CUSHION BABUSHKA RED,3,10.05,1
22758,LARGE PURPLE BABUSHKA NOTEBOOK,4,10.04,2
82613D,METAL SIGN CUPCAKE SINGLE HOOK,4,10.04,2
17012A,ORIGAMI VANILLA INCENSE/CANDLE SET,4,10.04,2
20770,ABSTRACT CIRCLE JOURNAL,4,10.04,1
21773,DECORATIVE ROSE BATHROOM BOTTLE,4,10.04,2
22560,TRADITIONAL MODELLING CLAY,6,10.02,4
20677,PINK POLKADOT BOWL,8,10.0,1
20675,BLUE POLKADOT BOWL,8,10.0,1
22185,SLATE TILE NATURAL HANGING,5,9.96,2
21327,SKULLS WRITING SET,5,9.96,3
85132B,CHARLIE AND LOLA TABLE TINS,1,9.95,1
85132C,CHARLIE AND LOLA FIGURES TINS,1,9.95,1
22220,CAKE STAND LOVEBIRD 2 TIER WHITE,1,9.95,1
21360,JOY LARGE WOOD LETTERS,1,9.95,1
90180A,BLACK+WHITE NECKLACE W TASSEL,1,9.95,1
22500,SET OF 2 TINS JARDIN DE PROVENCE,2,9.9,1
21651,HANGING GLASS ETCHED TEALIGHT,6,9.9,1
37343,POLKADOT MUG PINK,6,9.9,1
20854,BLUE PATCH PURSE PINK HEART,6,9.9,1
20856,DENIM PATCH PURSE PINK BUTTERFLY,6,9.9,1
21710,FOLDING UMBRELLA PINKWHITE POLKADOT,2,9.9,2
22653,BUTTON BOX,5,9.75,3
47563A,RETRO LONGBOARD IRONING BOARD COVER,2,9.66,2
90181B,AMETHYST GLASS/SHELL/PEARL NECKLACE,1,9.34,1
20839,FRENCH PAISLEY CUSHION COVER,1,9.32,1
20840,FRENCH FLORAL CUSHION COVER,1,9.32,1
21147,JINGLE BELLS TREE DECORATION,4,9.22,2
90195B,BLACK GEMSTONE BRACELET,1,8.95,1
90175C,BLUE GLASS CHUNKY CHARM BRACELET,1,8.95,1
90195A,PURPLE GEMSTONE BRACELET,1,8.95,1
37444C,PINK BREAKFAST CUP AND SAUCER,2,8.86,2
22117,METAL SIGN HER DINNER IS SERVED,2,8.86,2
21372,MIRRORED WALL ART TABLE LAMP,2,8.86,2
22742,MAKE YOUR OWN PLAYTIME CARD KIT,2,8.86,2
22364,GLASS JAR DIGESTIVE BISCUITS,2,8.86,2
22088,PAPER BUNTING COLOURED LACE,3,8.85,2
22327,ROUND SNACK BOXES SET OF 4 SKULLS,3,8.85,2
20894,HANGING BAUBLE T-LIGHT HOLDER LARGE,3,8.85,1
21949,SET OF 6 STRAWBERRY CHOPSTICKS,4,8.78,3
22100,SKULLS SQUARE TISSUE BOX,5,8.77,4
85049H,URBAN BLACK RIBBONS,6,8.76,3
21654,RIDGED GLASS FINGER BOWL,6,8.7,1
21508,VINTAGE KID DOLLY CARD,24,8.64,1
84944,SET OF 6 KASHMIR FOLKART BAUBLES,2,8.5,1
22374,AIRLINE BAG VINTAGE JET SET RED,2,8.5,1
16016,LARGE CHINESE STYLE SCISSOR,10,8.5,1
90200B,BLACK SWEETHEART BRACELET,2,8.5,1
90024C,NEW BAROQUE B'FLY NECKLACE GREEN,1,8.49,1
85135C,RED DRAGONFLY HELICOPTER,1,8.47,1
21366,MIRRORED WALL ART PHOTO FRAMES,1,8.47,1
22184,CAKE STAND VICTORIAN FILIGREE LARGE,1,8.47,1
72807B,SET/3 OCEAN SCENT CANDLE JEWEL BOX,1,8.47,1
16238,PARTY TIME PENCIL ERASERS,34,8.46,3
22182,CAKE STAND VICTORIAN FILIGREE SMALL,2,8.42,2
22246,MAGIC GARDEN FELT GARLAND,2,8.42,1
84915,HAND TOWEL PINK FLOWER AND DAISY,2,8.42,1
84923,PINK BUTTERFLY HANDBAG W BOBBLES,2,8.42,2
84086C,PINK/PURPLE RETRO RADIO,2,8.42,2
20616,CHERRY BLOSSOM PASSPORT COVER,3,8.41,2
85176,SEWING SUSAN 21 NEEDLE SET,5,8.3,1
22348,TEA BAG PLATE RED RETROSPOT,5,8.3,2
20726,LUNCH BAG WOODLAND,5,8.25,3
90036F,"FLOWER GLASS GARLD NECKL36""TURQUOIS",1,8.07,1
22135,LADLE LOVE HEART PINK,10,8.07,3
22692,DOORMAT WELCOME TO OUR HOME,1,7.95,1
22660,DOORMAT I LOVE LONDON,1,7.95,1
21629,SQUARE FLOOR CUSHION VINTAGE RED,1,7.95,1
21881,CUTE CATS TAPE,12,7.8,1
22821,GIFT BAG PSYCHEDELIC APPLES,12,7.8,1
22385,JUMBO BAG SPACEBOY DESIGN,4,7.8,1
21383,PACK OF 12 STICKY BUNNIES,12,7.8,1
85216,ASSORTED CAKES FRIDGE MAGNETS,12,7.8,1
21987,PACK OF 6 SKULL PAPER CUPS,12,7.8,1
22753,SMALL YELLOW BABUSHKA NOTEBOOK,9,7.65,1
20696,FLORAL SOFT CAR TOY,1,7.62,1
22203,MILK PAN RED RETROSPOT,1,7.62,1
21820,GLITTER HEART GARLAND WITH BELLS,1,7.62,1
20761,BLUE PAISLEY SKETCHBOOK,1,7.62,1
22639,SET OF 4 NAPKIN CHARMS HEARTS,2,7.61,2
20772,GARDEN PATH JOURNAL,2,7.61,2
22421,LIPSTICK PEN FUSCHIA,15,7.59,2
22260,FELT EGG COSY BLUE RABBIT,7,7.57,2
21648,ASSORTED TUTTI FRUTTI SMALL PURSE,3,7.53,1
84659A,WHITE TRAVEL ALARM CLOCK,3,7.53,1
21775,DECORATIVE FLORE BATHROOM BOTTLE,3,7.53,1
22757,LARGE RED BABUSHKA NOTEBOOK,3,7.53,1
85015,SET OF 12  VINTAGE POSTCARD SET,3,7.53,2
21991,BOHEMIAN COLLAGE STATIONERY SET,3,7.53,2
20956,PORCELAIN T-LIGHT HOLDERS ASSORTED,3,7.53,2
17012B,ORIGAMI JASMINE INCENSE/CANDLE SET,3,7.53,2
84509G,SET OF 4 FAIRY CAKE PLACEMATS,2,7.5,1
62096A,PINK/YELLOW FLOWERS HANDBAG,6,7.5,1
72133,COLUMBIAN CANDLE RECTANGLE,6,7.5,1
20765,CHRYSANTHEMUM SKETCHBOOK,2,7.5,1
72127,COLUMBIAN CANDLE ROUND,6,7.5,1
84870B,BLUE GEISHA GIRL,2,7.5,2
17090A,LAVENDER INCENSE 40 CONES IN TIN,6,7.5,1
20978,36 PENCILS TUBE SKULLS,6,7.5,2
84870C,GREEN GEISHA GIRL,2,7.5,2
17090D,VANILLA INCENSE 40 CONES IN TIN,6,7.5,1
22202,MILK PAN PINK POLKADOT,2,7.5,1
21815,STAR  T-LIGHT HOLDER,5,7.25,1
85144,JARDIN ETCHED GLASS BUTTER DISH,1,7.25,1
22918,HERB MARKER PARSLEY,8,7.22,5
90051,CRACKED GLAZE NECKLACE RED,1,7.22,1
22920,HERB MARKER BASIL,8,7.22,5
22919,HERB MARKER MINT,8,7.22,5
22921,HERB MARKER CHIVES,8,7.22,5
22151,PLACE SETTING WHITE HEART,17,7.14,2
21657,MILK BOTTLE WITH GLASS STOPPER,1,6.95,1
21240,BLUE POLKADOT CUP,8,6.8,1
85231G,ORANGE SCENTED SET/9 T-LIGHTS,8,6.8,3
20733,GOLD MINI TAPE MEASURE,8,6.8,3
20684,STRAWBERRY DREAM CHILDS UMBRELLA,1,6.77,1
20681,PINK POLKADOT CHILDRENS UMBRELLA,1,6.77,1
21794,CLASSIC FRENCH STYLE BASKET NATURAL,1,6.75,1
21462,"NURSERY A,B,C PAINTED LETTERS",1,6.75,1
85040B,SET/4 BLUE FLOWER CANDLES IN BOWL,2,6.72,1
21002,ROSE DU SUD DRAWSTRING BAG,2,6.72,1
72799F,IVORY PILLAR CANDLE GOLD FLOCK,2,6.72,1
72799E,IVORY PILLAR CANDLE SILVER FLOCK,2,6.72,1
22587,FELTCRAFT HAIRBAND RED AND BLUE,6,6.72,2
22068,BLACK PIRATE TREASURE CHEST,3,6.66,2
21942,SKULLS DESIGN FLANNEL,4,6.64,2
85212,MINI PAINTED GARDEN DECORATION,4,6.64,1
22916,HERB MARKER THYME,7,6.57,5
22436,12 COLOURED PARTY BALLOONS,10,6.5,1
20752,BLUE POLKADOT WASHING UP GLOVES,2,6.31,2
82582,AREA PATROLLED METAL SIGN,2,6.31,2
21392,RED POLKADOT PUDDING BOWL,3,6.3,1
21398,RED POLKADOT COFFEE  MUG,3,6.3,2
21393,BLUE POLKADOT PUDDING BOWL,3,6.3,1
22514,CHILDS GARDEN SPADE BLUE,3,6.3,1
21809,CHRISTMAS HANGING TREE WITH BELL,3,6.27,3
22678,FRENCH BLUE METAL DOOR SIGN 3,4,6.26,2
22977,DOLLY GIRL CHILDRENS EGG CUP,4,6.26,3
21894,POTTING SHED SEED ENVELOPES,4,6.26,2
22142,CHRISTMAS CRAFT WHITE FAIRY,3,6.26,2
21221,SET/4 BADGES CUTE CREATURES,5,6.25,1
22481,BLACK TEA TOWEL CLASSIC DESIGN,5,6.25,2
22951,60 CAKE CASES DOLLY GIRL DESIGN,6,6.22,3
22876,NUMBER TILE COTTAGE GARDEN 8,2,6.16,2
21064,BOOM BOX SPEAKER BOYS,1,5.95,1
21624,VINTAGE UNION JACK DOORSTOP,1,5.95,1
21065,BOOM BOX SPEAKER GIRLS,1,5.95,1
84563A,PINK & WHITE BREAKFAST TRAY,1,5.95,1
84709B,PINK OVAL JEWELLED MIRROR,1,5.95,1
84906,PINK B'FLY C/COVER W BOBBLES,1,5.95,1
20755,BLUE PAISLEY POCKET BOOK,7,5.95,2
90211A,DIAMOND LAS VEGAS NECKLACE 45CM,1,5.94,1
22917,HERB MARKER ROSEMARY,6,5.92,5
84663A,GRASS HOPPER WOODEN WALL CLOCK,1,5.91,1
22668,PINK BABY BUNTING,1,5.91,1
90177C,DROP DIAMANTE EARRINGS CRYSTAL,2,5.91,2
21547,CERAMIC BIRDHOUSE CRESTED TIT SMALL,1,5.91,1
21164,HOME SWEET HOME METAL SIGN,1,5.91,1
22831,WHITE BROCANTE SOAP DISH,1,5.91,1
22911,PAPER CHAIN KIT LONDON,2,5.9,2
22905,CALENDAR IN SEASON DESIGN,2,5.9,1
21744,SNOWFLAKE PORTABLE TABLE LIGHT,2,5.9,1
84519B,CARROT CHARLIE+LOLA COASTER SET,2,5.9,1
21143,ANTIQUE GLASS HEART DECORATION,3,5.85,1
22262,FELT EGG COSY CHICKEN,4,5.83,2
21985,PACK OF 12 HEARTS DESIGN TISSUES,18,5.78,4
90138,WHITE/PINK MINI CRYSTALS NECKLACE,1,5.51,1
90019B,GOLD M.O.P ORBIT BRACELET,1,5.51,1
22043,CHRISTMAS CARD SCREEN PRINT,13,5.47,2
72800B,4 PURPLE FLOCK DINNER CANDLES,2,5.1,1
85106,CUT GLASS HEXAGON T-LIGHT HOLDER,2,5.1,1
21676,FLOWERS  STICKERS,6,5.1,1
21678,PAISLEY PATTERN  STICKERS,6,5.1,1
21531,RED RETROSPOT SUGAR JAM BOWL,2,5.1,1
22343,PARTY PIZZA DISH RED RETROSPOT,6,5.1,1
22641,SET OF 4 NAPKIN CHARMS INSTRUMENT,2,5.1,1
90206C,CRYSTAL DIAMANTE STAR BROOCH,1,5.09,1
90192,JADE DROP EARRINGS W FILIGREE,1,5.09,1
90099,NECKLACE+BRACELET SET BLUE HIBISCUS,1,5.06,1
22566,FELTCRAFT HAIRBAND PINK AND PURPLE,5,5.06,3
22304,COFFEE MUG BLUE PAISLEY DESIGN,1,5.06,1
22458,CAST IRON HOOK GARDEN FORK,1,5.06,1
22393,PAPERWEIGHT VINTAGE COLLAGE,1,5.06,1
22308,TEA COSY BLUE STRIPE,1,5.06,1
21279,VINTAGE KITCHEN PRINT FRUITS,1,5.06,1
22394,PAPERWEIGHT KINGS CHOICE,1,5.06,1
22459,CAST IRON HOOK GARDEN TROWEL,1,5.06,1
21281,VINTAGE KITCHEN PRINT SEAFOOD,1,5.06,1
22042,CHRISTMAS CARD SINGING ANGEL,12,5.04,1
22023,EMPIRE BIRTHDAY CARD,12,5.04,1
21518,BANK ACCOUNT  GREETING  CARD,12,5.04,1
21504,SKULLS GREETING CARD,12,5.04,1
16012,FOOD/DRINK SPONGE STICKERS,24,5.04,1
22031,BOTANICAL LAVENDER BIRTHDAY CARD,12,5.04,1
22025,RING OF ROSES BIRTHDAY CARD,12,5.04,1
22027,TEA PARTY BIRTHDAY CARD,12,5.04,1
71406C,BLACK ORANGE SQUEEZER,12,5.04,1
22714,CARD BIRTHDAY COWBOY,12,5.04,1
47559B,TEA TIME OVEN GLOVE,2,5.02,1
17012F,ORIGAMI SANDLEWOOD INCENSE/CAND SET,2,5.02,2
17012C,ORIGAMI LAVENDER INCENSE/CANDL SET,2,5.02,2
35471D,SET OF 3 BIRD LIGHT PINK FEATHER,2,5.02,2
84828,JUNGLE POPSICLES ICE LOLLY HOLDERS,2,5.02,1
85016,SET OF 6 VINTAGE NOTELETS KIT,2,5.02,1
22124,SET OF 2 TEA TOWELS PING MICROWAVE,2,5.02,1
22396,MAGNETS PACK OF 4 RETRO PHOTO,2,5.02,2
17012E,ORIGAMI OPIUM INCENSE/CANDLE SET,2,5.02,2
17012D,ORIGAMI ROSE INCENSE/CANDLE SET,2,5.02,2
82613C,"METAL SIGN,CUPCAKE SINGLE HOOK",2,5.02,2
82613B,"METAL SIGN,CUPCAKE SINGLE HOOK",2,5.02,2
22091,EMPIRE TISSUE BOX,2,5.02,1
22675,FRENCH KITCHEN SIGN BLUE METAL,2,5.02,1
84926A,WAKE UP COCKEREL TILE COASTER,4,5.0,1
21124,SET/10 BLUE POLKADOT PARTY CANDLES,4,5.0,3
20986,BLUE CALCULATOR RULER,4,5.0,1
21122,SET/10 PINK POLKADOT PARTY CANDLES,4,5.0,4
20878,SET/9 CHRISTMAS T-LIGHTS SCENTED,4,5.0,3
71270,PHOTO CLIP LINE,4,5.0,1
22156,HEART DECORATION WITH PEARLS,3,4.98,1
35967,FOLK ART METAL STAR T-LIGHT HOLDER,3,4.98,1
85039A,SET/4 RED MINI ROSE CANDLE IN BOWL,3,4.98,1
21711,FOLDING UMBRELLA WHITE/RED POLKADOT,1,4.95,1
22473,TV DINNER TRAY VINTAGE PAISLEY,1,4.95,1
22505,MEMO BOARD COTTAGE DESIGN,1,4.95,1
21708,FOLDING UMBRELLA CREAM POLKADOT,1,4.95,1
21849,SILVER DIAMANTE PEN IN GIFT BOX,1,4.95,1
21709,FOLDING UMBRELLA CHOCOLATE POLKADOT,1,4.95,1
90081A,LILY BROOCH AMETHYST COLOUR,1,4.95,1
21850,BLUE  DIAMANTE PEN IN GIFT BOX,1,4.95,1
90059E,DIAMANTE HAIR GRIP PACK/2 RUBY,3,4.95,1
22474,SPACEBOY TV DINNER TRAY,1,4.95,1
21448,12 DAISY PEGS IN WOOD BOX,3,4.95,1
22897,OVEN MITT APPLES DESIGN,2,4.43,2
84985A,SET OF 72 GREEN PAPER DOILIES,3,4.35,3
46000S,POLYESTER FILLER PAD 40x40cm,3,4.35,2
21824,PAINTED METAL STAR WITH HOLLY BELLS,3,4.35,1
10133,COLOURING PENCILS BROWN TUBE,5,4.25,1
85035A,GARDENIA 3 WICK MORRIS BOXED CANDLE,1,4.25,1
85034A,3 GARDENIA MORRIS BOXED CANDLES,1,4.25,1
85035C,ROSE 3 WICK MORRIS BOX CANDLE,1,4.25,1
85035B,CHOCOLATE 3 WICK MORRIS BOX CANDLE,1,4.25,1
21895,POTTING SHED SOW 'N' GROW SET,1,4.25,1
22134,LADLE LOVE HEART RED,5,4.25,2
20735,BLACK MINI TAPE MEASURE,5,4.25,2
47593B,SCOTTIE DOGS BABY BIB,5,4.25,2
72803A,ROSE SCENT CANDLE JEWELLED DRAWER,1,4.25,1
90185B,AMETHYST DIAMANTE EXPANDABLE RING,1,4.25,1
90018A,SILVER M.O.P ORBIT DROP EARRINGS,1,4.24,1
90018B,GOLD M.O.P ORBIT DROP EARRINGS,1,4.24,1
90013B,BLACK VINTAGE EARRINGS,1,4.24,1
90120C,GREEN MURANO TWIST BRACELET,1,4.24,1
90194,SILVER LARIAT BLACK STONE EARRINGS,1,4.24,1
90166,PINK & WHITE ROSEBUD RING,1,4.24,1
47594A,CAROUSEL DESIGN WASHBAG,1,4.21,1
46776B,WOVEN BERRIES CUSHION COVER,1,4.21,1
22078,RIBBON REEL LACE DESIGN,1,4.21,1
85170D,SET/6 PINK BIRD T-LIGHT CANDLES,1,4.21,1
84581,DOG TOY WITH PINK CROCHET SKIRT,1,4.21,1
22747,POPPY'S PLAYHOUSE BATHROOM,1,4.21,1
22515,CHILDS GARDEN SPADE PINK,1,4.21,1
22517,CHILDS GARDEN RAKE PINK,1,4.21,1
17011F,ORIGAMI SANDLEWOOD INCENSE+FLOWER,1,4.21,1
21896,POTTING SHED TWINE,1,4.21,1
20617,FIRST CLASS PASSPORT COVER,1,4.21,1
21822,GLITTER CHRISTMAS TREE WITH BELLS,1,4.21,1
22324,BLUE POLKADOT KIDS BAG,1,4.21,1
22581,WOOD STOCKING CHRISTMAS SCANDISPOT,4,4.21,2
22870,NUMBER TILE COTTAGE GARDEN 2,1,4.21,1
20981,12 PENCILS TALL TUBE WOODLAND,4,4.21,2
21594,Dr. Jam's Arouzer Stress Ball,1,4.21,1
85053,FRENCH ENAMEL CANDLEHOLDER,1,4.21,1
20622,VIPPASSPORT COVER,1,4.21,1
20619,TROPICAL PASSPORT COVER,1,4.21,1
21638,ASSORTED TUTTI FRUTTI NOTEBOOK,1,4.21,1
22565,FELTCRAFT HAIRBANDS PINK AND WHITE,4,4.21,2
21907,I'M ON HOLIDAY METAL SIGN,2,4.2,1
21415,CLAM SHELL SMALL,2,4.2,1
16014,SMALL CHINESE STYLE SCISSOR,10,4.2,1
21399,BLUE POLKADOT COFFEE MUG,2,4.2,1
21789,KIDS RAIN MAC PINK,3,4.17,2
22261,FELT EGG COSY WHITE RABBIT,3,4.17,2
22754,SMALL RED BABUSHKA NOTEBOOK,3,4.17,2
47504H,ENGLISH ROSE SPIRIT LEVEL,2,3.9,2
90040B,MURANO STYLE GLASS BRACELET BLACK,1,3.81,1
90022,EDWARDIAN DROP EARRINGS JET BLACK,1,3.81,1
90173,PAIR BUTTERFLY HAIR CLIPS,1,3.81,1
90003C,MIDNIGHT BLUE PAIR HEART HAIR SLIDE,1,3.81,1
20717,STRAWBERRY SHOPPER BAG,2,3.76,2
20669,RED HEART LUGGAGE TAG,2,3.76,2
20766,GARDEN PATH SKETCHBOOK,1,3.75,1
85049F,BABY BOOM RIBBONS,3,3.75,1
21466,RED FLOWER CROCHET FOOD COVER,1,3.75,1
21808,"CHRISTMAS GARLAND STARS,TREES",1,3.75,1
22592,CARDHOLDER HOLLY WREATH METAL,1,3.75,1
21643,ASSORTED TUTTI FRUTTI MIRROR,3,3.75,1
21471,STRAWBERRY RAFFIA FOOD COVER,1,3.75,1
21467,CHERRY CROCHET FOOD COVER,1,3.75,1
84685,BEACH HUT KEY CABINET,1,3.75,1
21469,POLKA DOT RAFFIA FOOD COVER,1,3.75,1
84920,PINK FLOWER FABRIC PONY,1,3.75,1
21465,PINK FLOWER CROCHET FOOD COVER,1,3.75,1
21620,SET OF 4 ROSE BOTANICAL CANDLES,1,3.75,1
21470,FLOWER VINE RAFFIA FOOD COVER,1,3.75,1
22435,SET OF 9 HEART SHAPED BALLOONS,3,3.75,2
21416,CLAM SHELL LARGE,1,3.75,1
35271S,GOLD PRINT PAPER BAG,19,3.61,2
84536B,FAIRY CAKES NOTEBOOK A7 SIZE,4,3.4,2
84536A,ENGLISH ROSE NOTEBOOK A7 SIZE,4,3.4,2
20832,RED FLOCK LOVE HEART PHOTO FRAME,4,3.4,1
40001,WHITE BAMBOO RIBS LAMPSHADE,4,3.4,1
22153,ANGEL DECORATION STARS ON DRESS,7,3.37,2
22069,BROWN  PIRATE TREASURE CHEST,1,3.36,1
22342,HOME GARLAND PAINTED ZINC,1,3.36,1
21208,PASTEL COLOUR HONEYCOMB FAN,1,3.36,1
22067,CHOC TRUFFLE GOLD TRINKET POT,1,3.36,1
84459B,YELLOW METAL CHICKEN HEART,1,3.36,1
22080,RIBBON REEL POLKADOTS,1,3.36,1
17014A,ORIGAMI VANILLA INCENSE CONES,1,3.36,1
37491A,YELLOW/PINK CERAMIC CANDLE HOLDER,1,3.36,1
21656,RIDGED GLASS POSY VASE,1,3.36,1
22076,6 RIBBONS EMPIRE,1,3.36,1
21000,ROSE DU SUD COSMETICS BAG,1,3.36,1
22331,WOODLAND PARTY BAG + STICKER SET,1,3.36,1
84976,RECTANGULAR SHAPED MIRROR,1,3.36,1
84913A,SOFT PINK ROSE TOWEL,1,3.36,1
35818P,"ACRYLIC JEWEL ICICLE, PINK",1,3.36,1
90214J,"LETTER ""J"" BLING KEY RING",3,3.35,2
90204,PAIR OF ENAMEL BUTTERFLY HAIRCLIP,1,3.35,1
22450,SILK PURSE BABUSHKA BLUE,1,3.35,1
21879,HEARTS GIFT TAPE,2,3.32,2
84520B,PACK 20 ENGLISH ROSE PAPER NAPKINS,2,3.32,1
21787,RAIN PONCHO RETROSPOT,2,3.32,1
17129F,BLUE GLASS GEMS IN BAG,2,3.32,1
90129A,PINK GLASS TASSLE BAG CHARM,2,3.32,1
84534B,FAIRY CAKE NOTEBOOK A5 SIZE,2,3.32,1
20773,BLUE PAISLEY NOTEBOOK,2,3.3,1
21190,PINK HEARTS PAPER GARLAND,2,3.3,2
20774,GREEN FERN NOTEBOOK,2,3.3,1
90059B,DIAMANTE HAIR GRIP PACK/2 BLACK DIA,2,3.3,1
85025C,PINK HEART SHAPE PHOTO FRAME,2,3.3,1
20777,CHRYSANTHEMUM NOTEBOOK,2,3.3,1
71496A,A4 WALL TIDY BLUE OFFICE,2,2.98,1
22949,36 DOILIES DOLLY GIRL,1,2.98,1
90134,OLD ROSE COMBO BEAD NECKLACE,1,2.96,1
90177E,DROP DIAMANTE EARRINGS GREEN,1,2.96,1
90190C,SILVER/AMETHYST DROP EARRINGS LEAF,1,2.96,1
90077,BLACK DIAMOND CLUSTER EARRINGS,1,2.96,1
15044B,BLUE PAPER PARASOL,1,2.95,1
90210B,CLEAR ACRYLIC FACETED BANGLE,1,2.95,1
85185D,FROG SOCK PUPPET,1,2.95,1
37444A,YELLOW BREAKFAST CUP AND SAUCER,1,2.95,1
22496,SET OF 2 ROUND TINS DUTCH CHEESE,1,2.95,1
85185B,PINK HORSE SOCK PUPPET,1,2.95,1
84558A,3D DOG PICTURE PLAYING CARDS,1,2.95,1
22176,BLUE OWL SOFT TOY,1,2.95,1
21038,SET/4 MODERN VINTAGE COTTON NAPKINS,1,2.95,1
90129F,RED GLASS TASSLE BAG CHARM,1,2.95,1
90186A,AMETHYST HOOP EARRING FLORAL LEAF,1,2.95,1
21816,CHRISTMAS TREE T-LIGHT HOLDER,2,2.9,1
46000R,POLYESTER FILLER PAD 45x30cm,2,2.9,1
22265,EASTER DECORATION NATURAL CHICK,2,2.56,1
20697,LITTLE GREEN MONSTER SOFT TOY,1,2.55,1
85124C,GREEN JUICY FRUIT PHOTO FRAME,1,2.55,1
22155,STAR DECORATION RUSTIC,3,2.55,1
18097A,PINK TALL PORCELAIN T-LIGHT HOLDER,1,2.55,1
18097C,WHITE TALL PORCELAIN T-LIGHT HOLDER,1,2.55,1
22896,PEG BAG APPLES DESIGN,1,2.55,1
22640,SET OF 4 NAPKIN CHARMS 3 KEYS,1,2.55,1
85131B,BEADED CRYSTAL HEART GREEN ON STICK,3,2.55,2
84508A,CAMOUFLAGE DESIGN TEDDY,1,2.55,1
21367,MIRRORED WALL ART GENTS,1,2.55,1
22638,SET OF 4 NAPKIN CHARMS CROWNS,1,2.55,1
20768,GREEN FERN JOURNAL,1,2.55,1
85124B,BLUE JUICY FRUIT PHOTO FRAME,1,2.55,1
90054,CRACKED GLAZE EARRINGS RED,1,2.54,1
35095A,BLUE VICTORIAN FABRIC OVAL BOX,3,2.52,2
20662,FIRST CLASS HOLIDAY PURSE,1,2.51,1
21634,ASSORTED MINI MADRAS NOTEBOOK,1,2.51,1
90116,FRUIT SALAD BAG CHARM,1,2.51,1
21704,BAG 250g SWIRLY MARBLES,2,2.51,2
82616C,MIDNIGHT GLAMOUR SCARF KNITTING KIT,1,2.51,1
20658,RED RETROSPOT LUGGAGE TAG,1,2.51,1
35971,ROSE FOLKART HEART DECORATIONS,1,2.51,1
85129D,BEADED CRYSTAL HEART PINK SMALL,1,2.51,1
21220,SET/4 BADGES DOGS,1,2.51,1
84596J,MIXED NUTS LIGHT GREEN BOWL,1,2.51,1
20653,CHERRY BLOSSOM LUGGAGE TAG,1,2.51,1
22479,DAISY GARDEN MARKER,1,2.51,1
21439,BASKET OF TOADSTOOLS,1,2.51,1
22478,BIRDHOUSE GARDEN MARKER,1,2.51,1
20846,ZINC HEART LATTICE T-LIGHT HOLDER,1,2.51,1
21447,12 IVORY ROSE PEG PLACE SETTINGS,1,2.51,1
22673,FRENCH GARDEN SIGN BLUE METAL,1,2.51,1
22299,PIG KEYRING WITH LIGHT & SOUND,1,2.51,1
35610A,PINK CHRISTMAS FLOCK DROPLET,1,2.51,1
22756,LARGE YELLOW BABUSHKA NOTEBOOK,1,2.51,1
21684,SMALL MEDINA STAMPED METAL BOWL,1,2.51,1
22409,MONEY BOX BISCUITS DESIGN,1,2.51,1
21358,TOAST ITS - HAPPY BIRTHDAY,2,2.5,1
84744,S/6 SEW ON CROCHET FLOWERS,2,2.5,2
21032,SPACE CADET WHITE,2,2.5,1
22241,GARLAND WOODEN HAPPY EASTER,2,2.5,1
22482,BLUE TEA TOWEL CLASSIC DESIGN,2,2.5,1
21867,PINK UNION JACK  LUGGAGE TAG,2,2.5,2
21826,EIGHT PIECE DINOSAUR SET,2,2.5,1
35591T,TURQUOISE CHRISTMAS TREE,2,2.5,1
21976,PACK OF 60 MUSHROOM CAKE CASES,3,2.38,2
21578,WOODLAND DESIGN  COTTON TOTE BAG,1,2.25,1
21581,SKULLS  DESIGN  COTTON TOTE BAG,1,2.25,1
90209B,GREEN ENAMEL+GLASS HAIR COMB,1,2.11,1
90209C,PINK ENAMEL+GLASS HAIR COMB,1,2.11,1
90214S,"LETTER ""S"" BLING KEY RING",2,2.1,2
10124G,ARMY CAMO BOOKCOVER TAPE,5,2.1,1
20751,FUNKY WASHING UP GLOVES ASSORTED,1,2.1,1
21426,WOODLAND STORAGE BOX SMALL,1,2.1,1
21417,COCKLE SHELL DISH,1,2.1,1
21916,SET 12 RETRO WHITE CHALK STICKS,5,2.1,2
22438,BALLOON ART MAKE YOUR OWN FLOWERS,1,1.95,1
85095,THREE CANVAS LUGGAGE TAGS,1,1.95,1
85017A,ENVELOPE 50 ROMANTIC IMAGES,2,1.7,2
21018,BIRD BOX CHRISTMAS TREE DECORATION,2,1.7,1
16168M,FUNKY MONKEY GIFT BAG MEDIUM,2,1.7,1
90214A,"LETTER ""A"" BLING KEY RING",2,1.7,1
90214H,"LETTER ""H"" BLING KEY RING",2,1.7,2
10125,MINI FUNKY DESIGN TAPES,2,1.7,1
22420,LIPSTICK PEN BABY PINK,2,1.7,1
85017B,ENVELOPE 50 BLOSSOM IMAGES,2,1.7,2
20984,12 PENCILS TALL TUBE POSY,2,1.7,1
22181,SNOWSTORM PHOTO FRAME FRIDGE MAGNET,2,1.7,1
21242,RED RETROSPOT PLATE,1,1.69,1
21243,PINK  POLKADOT PLATE,1,1.69,1
84559A,3D SHEET OF DOG STICKERS,1,1.69,1
84559B,3D SHEET OF CAT STICKERS,1,1.69,1
35916B,BLUE FELT HANGING HEART W FLOWER,1,1.66,1
35916C,PINK FELT HANGING HEART W FLOWER,1,1.66,1
21721,CANDY SHOP  STICKER SHEET,1,1.66,1
72134,COLUMBIAN  CUBE CANDLE,1,1.66,1
35964,FOLKART CLIP ON STARS,1,1.66,1
21944,KITTENS DESIGN FLANNEL,1,1.66,1
21884,CAKES AND BOWS GIFT  TAPE,1,1.66,1
22586,FELTCRAFT HAIRBAND PINK AND BLUE,1,1.66,1
21641,ASSORTED TUTTI FRUTTI KEYRING BALL,1,1.66,1
90129B,TURQUOISE GLASS TASSLE BAG CHARM,1,1.66,1
22345,PARTY PIZZA DISH BLUE POLKADOT,1,1.66,1
21698,MOCK LOBSTER FRIDGE MAGNET,1,1.66,1
90059C,DIAMANTE HAIR GRIP PACK/2 MONTANA,1,1.65,1
22136,LOVE HEART SOCK HANGER,1,1.65,1
21329,DINOSAURS  WRITING SET,1,1.65,1
72798C,SET/4 GARDEN ROSE DINNER CANDLE,1,1.65,1
21197,MULTICOLOUR  CONFETTI IN TUBE,1,1.65,1
22074,6 RIBBONS SHIMMERING PINKS,1,1.65,1
84535B,FAIRY CAKES NOTEBOOK A6 SIZE,1,1.49,1
22292,HANGING CHICK  YELLOW DECORATION,1,1.45,1
21211,SET OF 72 SKULL PAPER  DOILIES,1,1.45,1
22439,6 ROCKET BALLOONS,2,1.3,1
21015,DARK BIRD HOUSE TREE DECORATION,1,1.28,1
22529,MAGIC DRAWING SLATE GO TO THE FAIR,3,1.26,1
90071,RUBY GLASS CLUSTER EARRINGS,1,1.26,1
22686,FRENCH BLUE METAL DOOR SIGN No,1,1.25,1
20707,CRAZY DAISY HEART DECORATION,1,1.25,1
90214V,"LETTER ""V"" BLING KEY RING",1,1.25,1
21357,TOAST ITS - DINOSAUR,1,1.25,1
22524,CHILDRENS GARDEN GLOVES BLUE,1,1.25,1
22097,SWALLOW SQUARE TISSUE BOX,1,1.25,1
21123,SET/10 IVORY POLKADOT PARTY CANDLES,1,1.25,1
21031,SPACE CADET BLACK,1,1.25,1
21866,UNION JACK FLAG LUGGAGE TAG,1,1.25,1
22559,SEASIDE FLYING DISC,1,1.25,1
22562,MONSTERS STENCIL CRAFT,1,1.25,1
21714,CITRONELLA CANDLE GARDEN POT,1,1.25,1
20866,BLUE ROSE FABRIC MIRROR,1,1.25,1
21179,NO JUNK MAIL METAL SIGN,1,1.25,1
21030,SPACE CADET RED,1,1.25,1
21025,SPACE FROG,1,1.25,1
21026,SPACE OWL,1,1.25,1
22098,BOUDOIR SQUARE TISSUE BOX,1,1.25,1
21948,SET OF 6 CAKE CHOPSTICKS,1,1.25,1
17091A,LAVENDER INCENSE IN TIN,1,1.25,1
84596E,SMALL LICORICE DES PINK BOWL,1,1.25,1
90214M,"LETTER ""M"" BLING KEY RING",1,1.25,1
22096,PINK PAISLEY SQUARE TISSUE BOX,1,1.25,1
17084N,FAIRY DREAMS INCENSE,2,0.86,1
16236,KITTY PENCIL ERASERS,2,0.86,2
84598,BOYS ALPHABET IRON ON PATCHES,2,0.86,1
90214D,"LETTER ""D"" BLING KEY RING",1,0.85,1
22572,ROCKING HORSE GREEN CHRISTMAS,1,0.85,1
90214R,"LETTER ""R"" BLING KEY RING",1,0.85,1
16046,TEATIME PEN CASE & PENS,1,0.85,1
22907,PACK OF 20 NAPKINS PANTRY DESIGN,1,0.85,1
90214E,"LETTER ""E"" BLING KEY RING",1,0.85,1
85131D,BEADED CRYSTAL HEART PINK ON STICK,1,0.85,1
22154,ANGEL DECORATION 3 BUTTONS,1,0.85,1
22851,SET 20 NAPKINS FAIRY CAKES DESIGN,1,0.85,1
84341B,SMALL PINK MAGIC CHRISTMAS TREE,1,0.85,1
85186A,EASTER BUNNY GARLAND OF FLOWERS,1,0.85,1
20759,CHRYSANTHEMUM POCKET BOOK,1,0.85,1
90214G,"LETTER ""G"" BLING KEY RING",1,0.85,1
20760,GARDEN PATH POCKET BOOK,1,0.85,1
72586,SET OF 6 HALLOWEEN GHOST T-LIGHTS,1,0.85,1
22545,MINI JIGSAW BUNNIES,1,0.85,1
20757,RED DAISY POCKET BOOK,1,0.85,1
79191C,RETRO PLASTIC ELEPHANT TRAY,1,0.85,1
20996,JAZZ HEARTS ADDRESS BOOK,1,0.84,1
79144B,PAINTED LIGHTBULB STAR+ MOON,2,0.84,1
16258A,SWIRLY CIRCULAR RUBBERS IN BAG,2,0.84,2
17164B,ASS COL SMALL SAND GECKO P'WEIGHT,2,0.84,1
35095B,RED VICTORIAN FABRIC OVAL BOX,1,0.84,1
21268,VINTAGE BLUE TINSEL REEL,2,0.84,1
47471,RAINBOW PEGS PHOTO CLIP STRING,1,0.65,1
17084P,DRAGONS BLOOD INCENSE,1,0.43,1
21917,SET 12 KIDS  WHITE CHALK STICKS,1,0.42,1
