InvoiceNo,Revenue,Units,CustomerID,InvoiceDate,Country
536592,6915.65,1478,,2010-12-01 17:06:00,United Kingdom
536544,5521.14,1208,,2010-12-01 14:32:00,United Kingdom
536783,4076.48,2909,15061.0,2010-12-02 15:19:00,United Kingdom
536387,3193.92,1440,16029.0,2010-12-01 09:58:00,United Kingdom
536785,2730.96,1008,15061.0,2010-12-02 15:22:00,United Kingdom
536576,2558.42,1122,13777.0,2010-12-01 16:11:00,United Kingdom
536477,2474.74,1070,16210.0,2010-12-01 12:27:00,United Kingdom
536784,2170.9,1330,15061.0,2010-12-02 15:20:00,United Kingdom
536830,2002.4,4280,16754.0,2010-12-02 17:38:00,United Kingdom
536532,1919.14,1852,12433.0,2010-12-01 13:24:00,Norway
536390,1825.74,1568,17511.0,2010-12-01 10:19:00,United Kingdom
536804,1714.25,531,14031.0,2010-12-02 16:34:00,United Kingdom
536575,1552.98,858,13777.0,2010-12-01 16:01:00,United Kingdom
536584,1132.8,384,13777.0,2010-12-01 16:22:00,United Kingdom
536617,1095.12,644,13941.0,2010-12-02 10:17:00,United Kingdom
536638,1056.63,619,16244.0,2010-12-02 11:41:00,United Kingdom
536394,1024.68,544,13408.0,2010-12-01 10:39:00,United Kingdom
536809,1003.2,1824,15299.0,2010-12-02 16:48:00,United Kingdom
536531,939.59,391,15485.0,2010-12-01 13:23:00,United Kingdom
536370,855.86,449,12583.0,2010-12-01 08:45:00,France
536437,842.12,1004,13694.0,2010-12-01 12:12:00,United Kingdom
536736,824.88,1296,17381.0,2010-12-02 12:59:00,United Kingdom
536560,799.4,256,13093.0,2010-12-01 15:00:00,United Kingdom
536542,787.4,392,16456.0,2010-12-01 14:11:00,United Kingdom
536408,783.11,558,14307.0,2010-12-01 11:41:00,United Kingdom
536618,780.12,600,17017.0,2010-12-02 10:17:00,United Kingdom
536623,768.38,666,15601.0,2010-12-02 10:39:00,United Kingdom
536798,684.46,454,17838.0,2010-12-02 15:55:00,United Kingdom
536769,668.4,375,17581.0,2010-12-02 14:47:00,United Kingdom
536624,610.64,228,13418.0,2010-12-02 10:45:00,United Kingdom
536635,572.38,246,15955.0,2010-12-02 11:22:00,United Kingdom
536831,569.4,260,16029.0,2010-12-02 17:40:00,United Kingdom
536540,540.38,231,14911.0,2010-12-01 14:05:00,EIRE
536557,532.43,198,17841.0,2010-12-01 14:41:00,United Kingdom
536790,532.01,141,17850.0,2010-12-02 15:26:00,United Kingdom
536811,527.85,69,15299.0,2010-12-02 16:51:00,United Kingdom
536782,517.95,244,17567.0,2010-12-02 15:18:00,United Kingdom
536386,508.2,236,16029.0,2010-12-01 09:57:00,United Kingdom
536395,507.88,260,13767.0,2010-12-01 10:47:00,United Kingdom
536577,497.0,388,13777.0,2010-12-01 16:13:00,United Kingdom
536384,489.6,190,18074.0,2010-12-01 09:53:00,United Kingdom
536539,487.75,160,15165.0,2010-12-01 14:03:00,United Kingdom
536620,485.25,741,14135.0,2010-12-02 10:27:00,United Kingdom
536404,471.3,438,16218.0,2010-12-01 11:29:00,United Kingdom
536412,453.46,197,17920.0,2010-12-01 11:49:00,United Kingdom
536763,452.52,331,17685.0,2010-12-02 14:42:00,United Kingdom
536381,449.98,198,15311.0,2010-12-01 09:41:00,United Kingdom
536378,444.98,454,14688.0,2010-12-01 09:37:00,United Kingdom
536572,442.35,301,16539.0,2010-12-01 15:40:00,United Kingdom
536833,438.1,208,18239.0,2010-12-02 17:48:00,United Kingdom
536750,434.8,118,17850.0,2010-12-02 14:04:00,United Kingdom
536446,430.99,323,15983.0,2010-12-01 12:15:00,United Kingdom
536382,430.6,134,16098.0,2010-12-01 09:45:00,United Kingdom
536398,426.56,150,13448.0,2010-12-01 10:52:00,United Kingdom
536824,408.0,160,13798.0,2010-12-02 17:24:00,United Kingdom
536805,406.56,384,14775.0,2010-12-02 16:38:00,United Kingdom
536415,390.79,228,12838.0,2010-12-01 11:57:00,United Kingdom
536752,390.66,104,17850.0,2010-12-02 14:06:00,United Kingdom
536685,380.46,108,17850.0,2010-12-02 12:23:00,United Kingdom
536744,379.75,137,14466.0,2010-12-02 13:36:00,United Kingdom
536396,376.36,102,17850.0,2010-12-01 10:51:00,United Kingdom
536537,369.5,138,15922.0,2010-12-01 13:51:00,United Kingdom
536667,362.5,214,15260.0,2010-12-02 12:09:00,United Kingdom
536425,362.45,137,13758.0,2010-12-01 12:08:00,United Kingdom
536389,358.25,107,12431.0,2010-12-01 10:03:00,Australia
536402,357.0,116,15513.0,2010-12-01 11:22:00,United Kingdom
536732,354.54,274,15544.0,2010-12-02 12:47:00,United Kingdom
536401,354.23,124,15862.0,2010-12-01 11:21:00,United Kingdom
536406,353.14,96,17850.0,2010-12-01 11:33:00,United Kingdom
536569,351.75,153,16274.0,2010-12-01 15:35:00,United Kingdom
536374,350.4,32,15100.0,2010-12-01 09:09:00,United Kingdom
536621,350.06,298,13108.0,2010-12-02 10:35:00,United Kingdom
536595,349.15,108,13576.0,2010-12-01 17:24:00,United Kingdom
536796,349.04,159,15574.0,2010-12-02 15:46:00,United Kingdom
536586,344.2,44,18229.0,2010-12-01 16:25:00,United Kingdom
536745,341.9,126,17235.0,2010-12-02 13:38:00,United Kingdom
536673,339.84,504,14060.0,2010-12-02 12:11:00,United Kingdom
536795,333.72,180,15640.0,2010-12-02 15:40:00,United Kingdom
536690,331.26,92,17850.0,2010-12-02 12:25:00,United Kingdom
536581,330.0,200,13777.0,2010-12-01 16:19:00,United Kingdom
536733,329.65,255,15738.0,2010-12-02 12:50:00,United Kingdom
536376,328.8,112,15291.0,2010-12-01 09:32:00,United Kingdom
536405,326.4,128,14045.0,2010-12-01 11:32:00,United Kingdom
536698,326.0,144,15363.0,2010-12-02 12:28:00,United Kingdom
536786,324.0,144,15061.0,2010-12-02 15:23:00,United Kingdom
536794,322.8,96,13767.0,2010-12-02 15:40:00,United Kingdom
536561,322.4,140,12921.0,2010-12-01 15:06:00,United Kingdom
536749,321.79,93,17976.0,2010-12-02 13:49:00,United Kingdom
536392,318.14,103,13705.0,2010-12-01 10:29:00,United Kingdom
536579,315.96,276,13777.0,2010-12-01 16:16:00,United Kingdom
536520,313.49,197,14729.0,2010-12-01 12:43:00,United Kingdom
536632,312.8,170,14388.0,2010-12-02 11:02:00,United Kingdom
536587,311.81,313,14142.0,2010-12-01 16:33:00,United Kingdom
536759,311.25,113,16781.0,2010-12-02 14:26:00,United Kingdom
536562,308.65,99,13468.0,2010-12-01 15:08:00,United Kingdom
536819,308.28,190,13402.0,2010-12-02 17:12:00,United Kingdom
536762,307.68,231,16186.0,2010-12-02 14:40:00,United Kingdom
536599,306.4,80,15694.0,2010-12-02 07:49:00,United Kingdom
536627,306.2,64,15658.0,2010-12-02 10:53:00,United Kingdom
536570,304.34,86,14496.0,2010-12-01 15:35:00,United Kingdom
536582,304.04,184,12947.0,2010-12-01 16:21:00,United Kingdom
536607,303.97,93,17732.0,2010-12-02 09:29:00,United Kingdom
536810,303.96,204,15299.0,2010-12-02 16:50:00,United Kingdom
536423,303.9,78,18085.0,2010-12-01 12:08:00,United Kingdom
536526,301.24,94,14001.0,2010-12-01 12:58:00,United Kingdom
536663,299.4,156,16546.0,2010-12-02 12:07:00,United Kingdom
536460,295.54,158,14849.0,2010-12-01 12:22:00,United Kingdom
536514,295.5,118,17951.0,2010-12-01 12:40:00,United Kingdom
536835,295.0,1,13145.0,2010-12-02 18:06:00,United Kingdom
536571,294.62,284,14696.0,2010-12-01 15:37:00,United Kingdom
536639,288.5,106,15111.0,2010-12-02 11:45:00,United Kingdom
536615,286.92,108,14047.0,2010-12-02 10:09:00,United Kingdom
536578,279.6,104,17690.0,2010-12-01 16:15:00,United Kingdom
536397,279.0,60,17924.0,2010-12-01 10:51:00,United Kingdom
536367,278.73,83,13047.0,2010-12-01 08:34:00,United Kingdom
536588,277.05,103,17069.0,2010-12-01 16:49:00,United Kingdom
536528,274.93,113,15525.0,2010-12-01 13:17:00,United Kingdom
536605,272.65,107,13715.0,2010-12-02 08:52:00,United Kingdom
536464,265.1,151,17968.0,2010-12-01 12:23:00,United Kingdom
536743,261.76,195,17964.0,2010-12-02 13:32:00,United Kingdom
536527,261.48,157,12662.0,2010-12-01 13:04:00,Germany
536375,259.86,88,17850.0,2010-12-01 09:32:00,United Kingdom
536373,259.86,88,17850.0,2010-12-01 09:02:00,United Kingdom
536611,259.65,153,15752.0,2010-12-02 09:43:00,United Kingdom
536538,255.0,146,14594.0,2010-12-01 13:54:00,United Kingdom
536801,252.3,134,,2010-12-02 16:12:00,United Kingdom
536600,251.62,56,17850.0,2010-12-02 08:32:00,United Kingdom
536567,251.4,132,16048.0,2010-12-01 15:27:00,United Kingdom
536746,248.1,92,16510.0,2010-12-02 13:39:00,United Kingdom
536808,247.8,64,17659.0,2010-12-02 16:46:00,United Kingdom
536630,244.46,88,17850.0,2010-12-02 10:56:00,United Kingdom
536609,244.46,88,17850.0,2010-12-02 09:41:00,United Kingdom
536616,244.08,72,17925.0,2010-12-02 10:10:00,United Kingdom
536800,236.97,190,14829.0,2010-12-02 16:12:00,United Kingdom
536420,233.45,111,16583.0,2010-12-01 12:03:00,United Kingdom
536409,232.03,169,17908.0,2010-12-01 11:45:00,United Kingdom
536628,230.56,86,17850.0,2010-12-02 10:54:00,United Kingdom
536388,226.14,108,16250.0,2010-12-01 09:59:00,United Kingdom
536416,225.7,110,13255.0,2010-12-01 11:58:00,United Kingdom
536500,223.9,102,17377.0,2010-12-01 12:35:00,United Kingdom
536643,223.7,74,14390.0,2010-12-02 11:57:00,United Kingdom
536637,219.66,157,18041.0,2010-12-02 11:35:00,United Kingdom
536735,211.2,128,17381.0,2010-12-02 12:58:00,United Kingdom
536754,210.24,142,14449.0,2010-12-02 14:09:00,United Kingdom
536613,208.97,197,17855.0,2010-12-02 09:44:00,United Kingdom
536676,207.5,54,16752.0,2010-12-02 12:18:00,United Kingdom
536612,206.76,82,17850.0,2010-12-02 09:44:00,United Kingdom
536590,205.86,74,13065.0,2010-12-01 16:52:00,United Kingdom
536559,204.95,117,17873.0,2010-12-01 14:54:00,United Kingdom
536633,204.15,105,14901.0,2010-12-02 11:20:00,United Kingdom
536371,204.0,80,13748.0,2010-12-01 09:00:00,United Kingdom
536523,203.3,112,12868.0,2010-12-01 12:50:00,United Kingdom
536741,202.12,130,13117.0,2010-12-02 13:11:00,United Kingdom
536739,201.75,31,14180.0,2010-12-02 13:08:00,United Kingdom
536530,200.5,71,17905.0,2010-12-01 13:21:00,United Kingdom
536707,199.65,41,12915.0,2010-12-02 12:33:00,United Kingdom
536591,198.32,93,14606.0,2010-12-01 16:57:00,United Kingdom
536583,198.0,120,13777.0,2010-12-01 16:21:00,United Kingdom
536802,197.3,50,17412.0,2010-12-02 16:29:00,United Kingdom
536742,196.43,102,16916.0,2010-12-02 13:14:00,United Kingdom
536535,194.85,71,15605.0,2010-12-01 13:38:00,United Kingdom
536634,193.78,159,18041.0,2010-12-02 11:21:00,United Kingdom
536778,193.23,125,13138.0,2010-12-02 15:03:00,United Kingdom
536403,192.6,97,12791.0,2010-12-01 11:27:00,Netherlands
536787,192.46,76,17850.0,2010-12-02 15:24:00,United Kingdom
536813,189.8,230,15646.0,2010-12-02 16:59:00,United Kingdom
536522,188.56,84,15012.0,2010-12-01 12:49:00,United Kingdom
536604,184.5,114,14741.0,2010-12-02 08:43:00,United Kingdom
536799,183.3,122,17228.0,2010-12-02 16:00:00,United Kingdom
536563,172.54,165,17760.0,2010-12-01 15:08:00,United Kingdom
536793,170.7,70,16203.0,2010-12-02 15:39:00,United Kingdom
536536,165.05,95,18144.0,2010-12-01 13:45:00,United Kingdom
536832,164.8,64,16634.0,2010-12-02 17:41:00,United Kingdom
536602,163.76,64,17850.0,2010-12-02 08:34:00,United Kingdom
536488,163.34,71,17897.0,2010-12-01 12:31:00,United Kingdom
536529,161.0,38,14237.0,2010-12-01 13:20:00,United Kingdom
536598,160.6,76,13090.0,2010-12-02 07:48:00,United Kingdom
536836,156.55,57,18168.0,2010-12-02 18:08:00,United Kingdom
536533,156.1,80,16955.0,2010-12-01 13:31:00,United Kingdom
536508,155.52,216,17181.0,2010-12-01 12:38:00,United Kingdom
536821,143.45,80,17757.0,2010-12-02 17:17:00,United Kingdom
536573,143.12,136,17025.0,2010-12-01 15:45:00,United Kingdom
536365,139.12,40,17850.0,2010-12-01 08:26:00,United Kingdom
536777,138.1,97,15732.0,2010-12-02 15:00:00,United Kingdom
536525,136.24,29,14078.0,2010-12-01 12:54:00,United Kingdom
536671,136.2,132,13305.0,2010-12-02 12:10:00,United Kingdom
536551,134.11,84,17346.0,2010-12-01 14:34:00,United Kingdom
536385,130.85,53,17420.0,2010-12-01 09:56:00,United Kingdom
536797,130.8,56,16770.0,2010-12-02 15:49:00,United Kingdom
536672,127.2,40,14491.0,2010-12-02 12:10:00,United Kingdom
536674,127.08,122,15923.0,2010-12-02 12:16:00,United Kingdom
536771,118.38,66,17581.0,2010-12-02 14:49:00,United Kingdom
536566,116.25,93,16928.0,2010-12-01 15:21:00,United Kingdom
536748,116.0,26,15107.0,2010-12-02 13:45:00,United Kingdom
536534,115.65,51,15350.0,2010-12-01 13:33:00,United Kingdom
536681,113.92,46,17287.0,2010-12-02 12:22:00,United Kingdom
536636,106.2,36,15070.0,2010-12-02 11:23:00,United Kingdom
536597,102.79,71,18011.0,2010-12-01 17:35:00,United Kingdom
536556,101.55,71,17643.0,2010-12-01 14:38:00,United Kingdom
536747,100.2,75,17802.0,2010-12-02 13:44:00,United Kingdom
536558,99.75,5,,2010-12-01 14:48:00,United Kingdom
536761,98.9,36,13491.0,2010-12-02 14:30:00,United Kingdom
536738,98.18,42,15827.0,2010-12-02 13:06:00,United Kingdom
536580,97.2,66,17690.0,2010-12-01 16:17:00,United Kingdom
536619,97.2,48,17017.0,2010-12-02 10:18:00,United Kingdom
536502,95.29,39,16552.0,2010-12-01 12:36:00,United Kingdom
536740,92.75,67,15827.0,2010-12-02 13:08:00,United Kingdom
536593,81.75,19,16835.0,2010-12-01 17:15:00,United Kingdom
536393,79.6,8,13747.0,2010-12-01 10:37:00,United Kingdom
536594,79.5,34,15235.0,2010-12-01 17:22:00,United Kingdom
536788,75.0,60,15061.0,2010-12-02 15:25:00,United Kingdom
536524,70.8,24,17572.0,2010-12-01 12:51:00,United Kingdom
536368,70.05,15,13047.0,2010-12-01 08:34:00,United Kingdom
536756,66.65,23,,2010-12-02 14:23:00,United Kingdom
536670,58.0,40,15260.0,2010-12-02 12:09:00,United Kingdom
536755,54.25,15,,2010-12-02 14:14:00,United Kingdom
536564,51.4,12,13468.0,2010-12-01 15:08:00,United Kingdom
536823,50.55,13,13011.0,2010-12-02 17:22:00,United Kingdom
536781,50.4,24,17460.0,2010-12-02 15:14:00,United Kingdom
536640,45.85,11,,2010-12-02 11:45:00,United Kingdom
536806,45.12,84,12971.0,2010-12-02 16:42:00,United Kingdom
536791,44.4,24,17850.0,2010-12-02 15:27:00,United Kingdom
536466,42.9,18,14849.0,2010-12-01 12:23:00,United Kingdom
536608,38.1,30,12855.0,2010-12-02 09:37:00,United Kingdom
536596,38.09,9,,2010-12-01 17:29:00,United Kingdom
536834,35.4,12,14576.0,2010-12-02 17:51:00,United Kingdom
536380,34.8,24,17809.0,2010-12-01 09:41:00,United Kingdom
536792,30.0,24,15061.0,2010-12-02 15:28:00,United Kingdom
536803,22.5,6,14911.0,2010-12-02 16:33:00,EIRE
536399,22.2,12,17850.0,2010-12-01 10:52:00,United Kingdom
536789,22.2,12,17850.0,2010-12-02 15:25:00,United Kingdom
536366,22.2,12,17850.0,2010-12-01 08:28:00,United Kingdom
536372,22.2,12,17850.0,2010-12-01 09:01:00,United Kingdom
536407,22.2,12,17850.0,2010-12-01 11:34:00,United Kingdom
536377,22.2,12,17850.0,2010-12-01 09:34:00,United Kingdom
536614,22.2,12,17850.0,2010-12-02 09:44:00,United Kingdom
536603,22.2,12,17850.0,2010-12-02 08:40:00,United Kingdom
536601,22.2,12,17850.0,2010-12-02 08:33:00,United Kingdom
536610,22.2,12,17850.0,2010-12-02 09:42:00,United Kingdom
536688,22.2,12,17850.0,2010-12-02 12:24:00,United Kingdom
536693,22.2,12,17850.0,2010-12-02 12:26:00,United Kingdom
536629,22.2,12,17850.0,2010-12-02 10:55:00,United Kingdom
536631,22.2,12,17850.0,2010-12-02 10:58:00,United Kingdom
536751,22.2,12,17850.0,2010-12-02 14:05:00,United Kingdom
536753,22.2,12,17850.0,2010-12-02 14:07:00,United Kingdom
536585,19.9,2,17460.0,2010-12-01 16:24:00,United Kingdom
536369,17.85,3,13047.0,2010-12-01 08:35:00,United Kingdom
536574,17.85,3,17025.0,2010-12-01 15:46:00,United Kingdom
536400,17.4,12,13448.0,2010-12-01 10:53:00,United Kingdom
536463,17.4,12,14849.0,2010-12-01 12:22:00,United Kingdom
536541,15.0,12,14911.0,2010-12-01 14:05:00,EIRE
536779,15.0,1,15823.0,2010-12-02 15:08:00,United Kingdom
536780,12.8,4,,2010-12-02 15:09:00,United Kingdom
536626,12.6,6,13418.0,2010-12-02 10:46:00,United Kingdom
536565,6.7,2,,2010-12-01 15:15:00,United Kingdom
536568,5.04,12,16048.0,2010-12-01 15:28:00,United Kingdom
536521,4.95,1,12748.0,2010-12-01 12:48:00,United Kingdom
536641,4.25,1,12748.0,2010-12-02 11:46:00,United Kingdom
536555,2.97,2,,2010-12-01 14:37:00,United Kingdom
